policy,day,scenario,action,received,demand,sales,lost_sales,ending_inventory,pipeline_inventory,revenue,purchase_cost,fixed_order_cost,holding_cost,stockout_cost,terminal_loss,reward,service_level
random,1,normal,10,0,13,13,0,12,10,156.0,60.0,10.0,4.199999999999999,0.0,0.0,81.8,1.0
random,2,normal,5,0,25,12,13,0,15,144.0,30.0,10.0,0.0,39.0,0.0,65.0,0.48
random,3,normal,0,10,15,10,5,0,5,120.0,0.0,0.0,0.0,15.0,0.0,105.0,0.6666666666666666
random,4,normal,15,5,21,5,16,0,15,60.0,90.0,10.0,0.0,48.0,0.0,-88.0,0.23809523809523808
random,5,normal,15,0,21,0,21,0,30,0.0,90.0,10.0,0.0,63.0,0.0,-163.0,0.0
random,6,normal,10,15,26,15,11,0,25,180.0,60.0,10.0,0.0,33.0,0.0,77.0,0.5769230769230769
random,7,normal,10,15,31,15,16,0,20,180.0,60.0,10.0,0.0,48.0,0.0,62.0,0.4838709677419355
random,8,normal,5,10,21,10,11,0,15,120.0,30.0,10.0,0.0,33.0,0.0,47.0,0.47619047619047616
random,9,normal,20,10,17,10,7,0,25,120.0,120.0,10.0,0.0,21.0,0.0,-31.0,0.5882352941176471
random,10,normal,0,5,12,5,7,0,20,60.0,0.0,0.0,0.0,21.0,0.0,39.0,0.4166666666666667
random,11,normal,20,20,14,14,0,6,20,168.0,120.0,10.0,2.0999999999999996,0.0,0.0,35.9,1.0
random,12,normal,10,0,9,6,3,0,30,72.0,60.0,10.0,0.0,9.0,0.0,-7.0,0.6666666666666666
random,13,normal,30,20,23,20,3,0,40,240.0,180.0,10.0,0.0,9.0,0.0,41.0,0.8695652173913043
random,14,normal,0,10,26,10,16,0,30,120.0,0.0,0.0,0.0,48.0,0.0,72.0,0.38461538461538464
random,15,normal,20,30,14,14,0,16,20,168.0,120.0,10.0,5.6,0.0,0.0,32.4,1.0
random,16,normal,15,0,19,16,3,0,35,192.0,90.0,10.0,0.0,9.0,0.0,83.0,0.8421052631578947
random,17,normal,30,20,15,15,0,5,45,180.0,180.0,10.0,1.75,0.0,0.0,-11.75,1.0
random,18,normal,15,15,29,20,9,0,45,240.0,90.0,10.0,0.0,27.0,0.0,113.0,0.6896551724137931
random,19,normal,10,30,19,19,0,11,25,228.0,60.0,10.0,3.8499999999999996,0.0,0.0,154.15,1.0
random,20,normal,20,15,23,23,0,3,30,276.0,120.0,10.0,1.0499999999999998,0.0,0.0,144.95,1.0
random,21,normal,5,10,24,13,11,0,25,156.0,30.0,10.0,0.0,33.0,0.0,83.0,0.5416666666666666
random,22,normal,5,20,14,14,0,6,10,168.0,30.0,10.0,2.0999999999999996,0.0,0.0,125.9,1.0
random,23,normal,15,5,17,11,6,0,20,132.0,90.0,10.0,0.0,18.0,0.0,14.0,0.6470588235294118
random,24,normal,10,5,13,5,8,0,25,60.0,60.0,10.0,0.0,24.0,0.0,-34.0,0.38461538461538464
random,25,normal,15,15,16,15,1,0,25,180.0,90.0,10.0,0.0,3.0,0.0,77.0,0.9375
random,26,normal,10,10,16,10,6,0,25,120.0,60.0,10.0,0.0,18.0,0.0,32.0,0.625
random,27,normal,15,15,27,15,12,0,25,180.0,90.0,10.0,0.0,36.0,0.0,44.0,0.5555555555555556
random,28,normal,15,10,38,10,28,0,30,120.0,90.0,10.0,0.0,84.0,0.0,-64.0,0.2631578947368421
random,29,normal,5,15,15,15,0,0,20,180.0,30.0,10.0,0.0,0.0,0.0,140.0,1.0
random,30,normal,0,15,20,15,5,0,5,180.0,0.0,0.0,0.0,15.0,0.0,165.0,0.75
random,31,normal,30,5,25,5,20,0,30,60.0,180.0,10.0,0.0,60.0,0.0,-190.0,0.2
random,32,normal,5,0,20,0,20,0,35,0.0,30.0,10.0,0.0,60.0,0.0,-100.0,0.0
random,33,normal,10,30,19,19,0,11,15,228.0,60.0,10.0,3.8499999999999996,0.0,0.0,154.15,1.0
random,34,normal,10,5,18,16,2,0,20,192.0,60.0,10.0,0.0,6.0,0.0,116.0,0.8888888888888888
random,35,normal,30,10,18,10,8,0,40,120.0,180.0,10.0,0.0,24.0,0.0,-94.0,0.5555555555555556
random,36,normal,20,10,24,10,14,0,50,120.0,120.0,10.0,0.0,42.0,0.0,-52.0,0.4166666666666667
random,37,normal,15,30,23,23,0,7,35,276.0,90.0,10.0,2.4499999999999997,0.0,0.0,173.55,1.0
random,38,normal,10,20,16,16,0,11,25,192.0,60.0,10.0,3.8499999999999996,0.0,0.0,118.15,1.0
random,39,normal,30,15,14,14,0,12,40,168.0,180.0,10.0,4.199999999999999,0.0,0.0,-26.2,1.0
random,40,normal,5,10,15,15,0,7,35,180.0,30.0,10.0,2.4499999999999997,0.0,0.0,137.55,1.0
random,41,normal,5,30,21,21,0,16,10,252.0,30.0,10.0,5.6,0.0,0.0,206.4,1.0
random,42,normal,10,5,26,21,5,0,15,252.0,60.0,10.0,0.0,15.0,0.0,167.0,0.8076923076923077
random,43,normal,0,5,23,5,18,0,10,60.0,0.0,0.0,0.0,54.0,0.0,6.0,0.21739130434782608
random,44,normal,15,10,15,10,5,0,15,120.0,90.0,10.0,0.0,15.0,0.0,5.0,0.6666666666666666
random,45,normal,20,0,23,0,23,0,35,0.0,120.0,10.0,0.0,69.0,0.0,-199.0,0.0
random,46,normal,10,15,19,15,4,0,30,180.0,60.0,10.0,0.0,12.0,0.0,98.0,0.7894736842105263
random,47,normal,0,20,12,12,0,8,10,144.0,0.0,0.0,2.8,0.0,0.0,141.2,1.0
random,48,normal,20,10,29,18,11,0,20,216.0,120.0,10.0,0.0,33.0,0.0,53.0,0.6206896551724138
random,49,normal,30,0,30,0,30,0,50,0.0,180.0,10.0,0.0,90.0,0.0,-280.0,0.0
random,50,normal,30,20,15,15,0,5,60,180.0,180.0,10.0,1.75,0.0,0.0,-11.75,1.0
random,51,normal,5,30,17,17,0,18,35,204.0,30.0,10.0,6.3,0.0,0.0,157.7,1.0
random,52,normal,15,30,24,24,0,24,20,288.0,90.0,10.0,8.399999999999999,0.0,0.0,179.6,1.0
random,53,normal,10,5,16,16,0,13,25,192.0,60.0,10.0,4.55,0.0,0.0,117.45,1.0
random,54,normal,5,15,19,19,0,9,15,228.0,30.0,10.0,3.15,0.0,0.0,184.85,1.0
random,55,normal,15,10,12,12,0,7,20,144.0,90.0,10.0,2.4499999999999997,0.0,0.0,41.55,1.0
random,56,normal,15,5,15,12,3,0,30,144.0,90.0,10.0,0.0,9.0,0.0,35.0,0.8
random,57,normal,20,15,25,15,10,0,35,180.0,120.0,10.0,0.0,30.0,0.0,20.0,0.6
random,58,normal,15,15,24,15,9,0,35,180.0,90.0,10.0,0.0,27.0,0.0,53.0,0.625
random,59,normal,30,20,16,16,0,4,45,192.0,180.0,10.0,1.4,0.0,0.0,0.6000000000000001,1.0
random,60,normal,15,15,19,19,0,0,45,228.0,90.0,10.0,0.0,0.0,0.0,128.0,1.0
reorder_point,1,normal,30,0,13,13,0,12,30,156.0,180.0,10.0,4.199999999999999,0.0,0.0,-38.2,1.0
reorder_point,2,normal,0,0,25,12,13,0,30,144.0,0.0,0.0,0.0,39.0,0.0,105.0,0.48
reorder_point,3,normal,30,30,15,15,0,15,30,180.0,180.0,10.0,5.25,0.0,0.0,-15.25,1.0
reorder_point,4,normal,0,0,21,15,6,0,30,180.0,0.0,0.0,0.0,18.0,0.0,162.0,0.7142857142857143
reorder_point,5,normal,30,30,21,21,0,9,30,252.0,180.0,10.0,3.15,0.0,0.0,58.85,1.0
reorder_point,6,normal,0,0,26,9,17,0,30,108.0,0.0,0.0,0.0,51.0,0.0,57.0,0.34615384615384615
reorder_point,7,normal,30,30,31,30,1,0,30,360.0,180.0,10.0,0.0,3.0,0.0,167.0,0.967741935483871
reorder_point,8,normal,30,0,21,0,21,0,60,0.0,180.0,10.0,0.0,63.0,0.0,-253.0,0.0
reorder_point,9,normal,0,30,17,17,0,13,30,204.0,0.0,0.0,4.55,0.0,0.0,199.45,1.0
reorder_point,10,normal,0,30,12,12,0,31,0,144.0,0.0,0.0,10.85,0.0,0.0,133.15,1.0
reorder_point,11,normal,30,0,14,14,0,17,30,168.0,180.0,10.0,5.949999999999999,0.0,0.0,-27.95,1.0
reorder_point,12,normal,0,0,9,9,0,8,30,108.0,0.0,0.0,2.8,0.0,0.0,105.2,1.0
reorder_point,13,normal,0,30,23,23,0,15,0,276.0,0.0,0.0,5.25,0.0,0.0,270.75,1.0
reorder_point,14,normal,30,0,26,15,11,0,30,180.0,180.0,10.0,0.0,33.0,0.0,-43.0,0.5769230769230769
reorder_point,15,normal,30,0,14,0,14,0,60,0.0,180.0,10.0,0.0,42.0,0.0,-232.0,0.0
reorder_point,16,normal,0,30,19,19,0,11,30,228.0,0.0,0.0,3.8499999999999996,0.0,0.0,224.15,1.0
reorder_point,17,normal,0,30,15,15,0,26,0,180.0,0.0,0.0,9.1,0.0,0.0,170.9,1.0
reorder_point,18,normal,30,0,29,26,3,0,30,312.0,180.0,10.0,0.0,9.0,0.0,113.0,0.896551724137931
reorder_point,19,normal,30,0,19,0,19,0,60,0.0,180.0,10.0,0.0,57.0,0.0,-247.0,0.0
reorder_point,20,normal,0,30,23,23,0,7,30,276.0,0.0,0.0,2.4499999999999997,0.0,0.0,273.55,1.0
reorder_point,21,normal,0,30,24,24,0,13,0,288.0,0.0,0.0,4.55,0.0,0.0,283.45,1.0
reorder_point,22,normal,30,0,14,13,1,0,30,156.0,180.0,10.0,0.0,3.0,0.0,-37.0,0.9285714285714286
reorder_point,23,normal,30,0,17,0,17,0,60,0.0,180.0,10.0,0.0,51.0,0.0,-241.0,0.0
reorder_point,24,normal,0,30,13,13,0,17,30,156.0,0.0,0.0,5.949999999999999,0.0,0.0,150.05,1.0
reorder_point,25,normal,0,30,16,16,0,31,0,192.0,0.0,0.0,10.85,0.0,0.0,181.15,1.0
reorder_point,26,normal,30,0,16,16,0,15,30,192.0,180.0,10.0,5.25,0.0,0.0,-3.25,1.0
reorder_point,27,normal,0,0,27,15,12,0,30,180.0,0.0,0.0,0.0,36.0,0.0,144.0,0.5555555555555556
reorder_point,28,normal,30,30,38,30,8,0,30,360.0,180.0,10.0,0.0,24.0,0.0,146.0,0.7894736842105263
reorder_point,29,normal,30,0,15,0,15,0,60,0.0,180.0,10.0,0.0,45.0,0.0,-235.0,0.0
reorder_point,30,normal,0,30,20,20,0,10,30,240.0,0.0,0.0,3.5,0.0,0.0,236.5,1.0
reorder_point,31,normal,0,30,25,25,0,15,0,300.0,0.0,0.0,5.25,0.0,0.0,294.75,1.0
reorder_point,32,normal,30,0,20,15,5,0,30,180.0,180.0,10.0,0.0,15.0,0.0,-25.0,0.75
reorder_point,33,normal,30,0,19,0,19,0,60,0.0,180.0,10.0,0.0,57.0,0.0,-247.0,0.0
reorder_point,34,normal,0,30,18,18,0,12,30,216.0,0.0,0.0,4.199999999999999,0.0,0.0,211.8,1.0
reorder_point,35,normal,0,30,18,18,0,24,0,216.0,0.0,0.0,8.399999999999999,0.0,0.0,207.6,1.0
reorder_point,36,normal,30,0,24,24,0,0,30,288.0,180.0,10.0,0.0,0.0,0.0,98.0,1.0
reorder_point,37,normal,30,0,23,0,23,0,60,0.0,180.0,10.0,0.0,69.0,0.0,-259.0,0.0
reorder_point,38,normal,0,30,16,16,0,14,30,192.0,0.0,0.0,4.8999999999999995,0.0,0.0,187.1,1.0
reorder_point,39,normal,0,30,14,14,0,30,0,168.0,0.0,0.0,10.5,0.0,0.0,157.5,1.0
reorder_point,40,normal,30,0,15,15,0,15,30,180.0,180.0,10.0,5.25,0.0,0.0,-15.25,1.0
reorder_point,41,normal,0,0,21,15,6,0,30,180.0,0.0,0.0,0.0,18.0,0.0,162.0,0.7142857142857143
reorder_point,42,normal,30,30,26,26,0,4,30,312.0,180.0,10.0,1.4,0.0,0.0,120.6,1.0
reorder_point,43,normal,30,0,23,4,19,0,60,48.0,180.0,10.0,0.0,57.0,0.0,-199.0,0.17391304347826086
reorder_point,44,normal,0,30,15,15,0,15,30,180.0,0.0,0.0,5.25,0.0,0.0,174.75,1.0
reorder_point,45,normal,0,30,23,23,0,22,0,276.0,0.0,0.0,7.699999999999999,0.0,0.0,268.3,1.0
reorder_point,46,normal,30,0,19,19,0,3,30,228.0,180.0,10.0,1.0499999999999998,0.0,0.0,36.95,1.0
reorder_point,47,normal,30,0,12,3,9,0,60,36.0,180.0,10.0,0.0,27.0,0.0,-181.0,0.25
reorder_point,48,normal,0,30,29,29,0,1,30,348.0,0.0,0.0,0.35,0.0,0.0,347.65,1.0
reorder_point,49,normal,30,30,30,30,0,1,30,360.0,180.0,10.0,0.35,0.0,0.0,169.65,1.0
reorder_point,50,normal,30,0,15,1,14,0,60,12.0,180.0,10.0,0.0,42.0,0.0,-220.0,0.06666666666666667
reorder_point,51,normal,0,30,17,17,0,13,30,204.0,0.0,0.0,4.55,0.0,0.0,199.45,1.0
reorder_point,52,normal,0,30,24,24,0,19,0,288.0,0.0,0.0,6.6499999999999995,0.0,0.0,281.35,1.0
reorder_point,53,normal,30,0,16,16,0,3,30,192.0,180.0,10.0,1.0499999999999998,0.0,0.0,0.9500000000000002,1.0
reorder_point,54,normal,30,0,19,3,16,0,60,36.0,180.0,10.0,0.0,48.0,0.0,-202.0,0.15789473684210525
reorder_point,55,normal,0,30,12,12,0,18,30,144.0,0.0,0.0,6.3,0.0,0.0,137.7,1.0
reorder_point,56,normal,0,30,15,15,0,33,0,180.0,0.0,0.0,11.549999999999999,0.0,0.0,168.45,1.0
reorder_point,57,normal,30,0,25,25,0,8,30,300.0,180.0,10.0,2.8,0.0,0.0,107.2,1.0
reorder_point,58,normal,0,0,24,8,16,0,30,96.0,0.0,0.0,0.0,48.0,0.0,48.0,0.3333333333333333
reorder_point,59,normal,30,30,16,16,0,14,30,192.0,180.0,10.0,4.8999999999999995,0.0,0.0,-2.8999999999999995,1.0
reorder_point,60,normal,0,0,19,14,5,0,30,168.0,0.0,0.0,0.0,15.0,0.0,153.0,0.7368421052631579
q_learning,1,normal,5,0,13,13,0,12,5,156.0,30.0,10.0,4.199999999999999,0.0,0.0,111.8,1.0
q_learning,2,normal,10,0,25,12,13,0,15,144.0,60.0,10.0,0.0,39.0,0.0,35.0,0.48
q_learning,3,normal,15,5,15,5,10,0,25,60.0,90.0,10.0,0.0,30.0,0.0,-70.0,0.3333333333333333
q_learning,4,normal,15,10,21,10,11,0,30,120.0,90.0,10.0,0.0,33.0,0.0,-13.0,0.47619047619047616
q_learning,5,normal,15,15,21,15,6,0,30,180.0,90.0,10.0,0.0,18.0,0.0,62.0,0.7142857142857143
q_learning,6,normal,20,15,26,15,11,0,35,180.0,120.0,10.0,0.0,33.0,0.0,17.0,0.5769230769230769
q_learning,7,normal,15,15,31,15,16,0,35,180.0,90.0,10.0,0.0,48.0,0.0,32.0,0.4838709677419355
q_learning,8,normal,15,20,21,20,1,0,30,240.0,90.0,10.0,0.0,3.0,0.0,137.0,0.9523809523809523
q_learning,9,normal,15,15,17,15,2,0,30,180.0,90.0,10.0,0.0,6.0,0.0,74.0,0.8823529411764706
q_learning,10,normal,15,15,12,12,0,3,30,144.0,90.0,10.0,1.0499999999999998,0.0,0.0,42.95,1.0
q_learning,11,normal,15,15,14,14,0,4,30,168.0,90.0,10.0,1.4,0.0,0.0,66.6,1.0
q_learning,12,normal,15,15,9,9,0,10,30,108.0,90.0,10.0,3.5,0.0,0.0,4.5,1.0
q_learning,13,normal,15,15,23,23,0,2,30,276.0,90.0,10.0,0.7,0.0,0.0,175.3,1.0
q_learning,14,normal,20,15,26,17,9,0,35,204.0,120.0,10.0,0.0,27.0,0.0,47.0,0.6538461538461539
q_learning,15,normal,15,15,14,14,0,1,35,168.0,90.0,10.0,0.35,0.0,0.0,67.65,1.0
q_learning,16,normal,15,20,19,19,0,2,30,228.0,90.0,10.0,0.7,0.0,0.0,127.3,1.0
q_learning,17,normal,15,15,15,15,0,2,30,180.0,90.0,10.0,0.7,0.0,0.0,79.3,1.0
q_learning,18,normal,15,15,29,17,12,0,30,204.0,90.0,10.0,0.0,36.0,0.0,68.0,0.5862068965517241
q_learning,19,normal,15,15,19,15,4,0,30,180.0,90.0,10.0,0.0,12.0,0.0,68.0,0.7894736842105263
q_learning,20,normal,20,15,23,15,8,0,35,180.0,120.0,10.0,0.0,24.0,0.0,26.0,0.6521739130434783
q_learning,21,normal,15,15,24,15,9,0,35,180.0,90.0,10.0,0.0,27.0,0.0,53.0,0.625
q_learning,22,normal,20,20,14,14,0,6,35,168.0,120.0,10.0,2.0999999999999996,0.0,0.0,35.9,1.0
q_learning,23,normal,20,15,17,17,0,4,40,204.0,120.0,10.0,1.4,0.0,0.0,72.6,1.0
q_learning,24,normal,20,20,13,13,0,11,40,156.0,120.0,10.0,3.8499999999999996,0.0,0.0,22.15,1.0
q_learning,25,normal,0,20,16,16,0,15,20,192.0,0.0,0.0,5.25,0.0,0.0,186.75,1.0
q_learning,26,normal,0,20,16,16,0,19,0,192.0,0.0,0.0,6.6499999999999995,0.0,0.0,185.35,1.0
q_learning,27,normal,20,0,27,19,8,0,20,228.0,120.0,10.0,0.0,24.0,0.0,74.0,0.7037037037037037
q_learning,28,normal,20,0,38,0,38,0,40,0.0,120.0,10.0,0.0,114.0,0.0,-244.0,0.0
q_learning,29,normal,0,20,15,15,0,5,20,180.0,0.0,0.0,1.75,0.0,0.0,178.25,1.0
q_learning,30,normal,30,20,20,20,0,5,30,240.0,180.0,10.0,1.75,0.0,0.0,48.25,1.0
q_learning,31,normal,0,0,25,5,20,0,30,60.0,0.0,0.0,0.0,60.0,0.0,0.0,0.2
q_learning,32,normal,20,30,20,20,0,10,20,240.0,120.0,10.0,3.5,0.0,0.0,106.5,1.0
q_learning,33,normal,30,0,19,10,9,0,50,120.0,180.0,10.0,0.0,27.0,0.0,-97.0,0.5263157894736842
q_learning,34,normal,0,20,18,18,0,2,30,216.0,0.0,0.0,0.7,0.0,0.0,215.3,1.0
q_learning,35,normal,30,30,18,18,0,14,30,216.0,180.0,10.0,4.8999999999999995,0.0,0.0,21.1,1.0
q_learning,36,normal,0,0,24,14,10,0,30,168.0,0.0,0.0,0.0,30.0,0.0,138.0,0.5833333333333334
q_learning,37,normal,20,30,23,23,0,7,20,276.0,120.0,10.0,2.4499999999999997,0.0,0.0,143.55,1.0
q_learning,38,normal,30,0,16,7,9,0,50,84.0,180.0,10.0,0.0,27.0,0.0,-133.0,0.4375
q_learning,39,normal,5,20,14,14,0,6,35,168.0,30.0,10.0,2.0999999999999996,0.0,0.0,125.9,1.0
q_learning,40,normal,20,30,15,15,0,21,25,180.0,120.0,10.0,7.35,0.0,0.0,42.65,1.0
q_learning,41,normal,15,5,21,21,0,5,35,252.0,90.0,10.0,1.75,0.0,0.0,150.25,1.0
q_learning,42,normal,20,20,26,25,1,0,35,300.0,120.0,10.0,0.0,3.0,0.0,167.0,0.9615384615384616
q_learning,43,normal,30,15,23,15,8,0,50,180.0,180.0,10.0,0.0,24.0,0.0,-34.0,0.6521739130434783
q_learning,44,normal,5,20,15,15,0,5,35,180.0,30.0,10.0,1.75,0.0,0.0,138.25,1.0
q_learning,45,normal,30,30,23,23,0,12,35,276.0,180.0,10.0,4.199999999999999,0.0,0.0,81.8,1.0
q_learning,46,normal,0,5,19,17,2,0,30,204.0,0.0,0.0,0.0,6.0,0.0,198.0,0.8947368421052632
q_learning,47,normal,30,30,12,12,0,18,30,144.0,180.0,10.0,6.3,0.0,0.0,-52.3,1.0
q_learning,48,normal,15,0,29,18,11,0,45,216.0,90.0,10.0,0.0,33.0,0.0,83.0,0.6206896551724138
q_learning,49,normal,20,30,30,30,0,0,35,360.0,120.0,10.0,0.0,0.0,0.0,230.0,1.0
q_learning,50,normal,15,15,15,15,0,0,35,180.0,90.0,10.0,0.0,0.0,0.0,80.0,1.0
q_learning,51,normal,15,20,17,17,0,3,30,204.0,90.0,10.0,1.0499999999999998,0.0,0.0,102.95,1.0
q_learning,52,normal,30,15,24,18,6,0,45,216.0,180.0,10.0,0.0,18.0,0.0,8.0,0.75
q_learning,53,normal,30,15,16,15,1,0,60,180.0,180.0,10.0,0.0,3.0,0.0,-13.0,0.9375
q_learning,54,normal,0,30,19,19,0,11,30,228.0,0.0,0.0,3.8499999999999996,0.0,0.0,224.15,1.0
q_learning,55,normal,15,30,12,12,0,29,15,144.0,90.0,10.0,10.149999999999999,0.0,0.0,33.85,1.0
q_learning,56,normal,5,0,15,15,0,14,20,180.0,30.0,10.0,4.8999999999999995,0.0,0.0,135.1,1.0
q_learning,57,normal,5,15,25,25,0,4,10,300.0,30.0,10.0,1.4,0.0,0.0,258.6,1.0
q_learning,58,normal,20,5,24,9,15,0,25,108.0,120.0,10.0,0.0,45.0,0.0,-67.0,0.375
q_learning,59,normal,30,5,16,5,11,0,50,60.0,180.0,10.0,0.0,33.0,0.0,-163.0,0.3125
q_learning,60,normal,0,20,19,19,0,1,30,228.0,0.0,0.0,0.35,0.0,4.0,223.65,1.0
random,1,demand_spike,10,0,12,12,0,13,10,144.0,60.0,10.0,4.55,0.0,0.0,69.45,1.0
random,2,demand_spike,10,0,20,13,7,0,20,156.0,60.0,10.0,0.0,21.0,0.0,65.0,0.65
random,3,demand_spike,15,10,21,10,11,0,25,120.0,90.0,10.0,0.0,33.0,0.0,-13.0,0.47619047619047616
random,4,demand_spike,10,10,15,10,5,0,25,120.0,60.0,10.0,0.0,15.0,0.0,35.0,0.6666666666666666
random,5,demand_spike,20,15,13,13,0,2,30,156.0,120.0,10.0,0.7,0.0,0.0,25.3,1.0
random,6,demand_spike,30,10,27,12,15,0,50,144.0,180.0,10.0,0.0,45.0,0.0,-91.0,0.4444444444444444
random,7,demand_spike,15,20,26,20,6,0,45,240.0,90.0,10.0,0.0,18.0,0.0,122.0,0.7692307692307693
random,8,demand_spike,20,30,21,21,0,9,35,252.0,120.0,10.0,3.15,0.0,0.0,118.85,1.0
random,9,demand_spike,0,15,15,15,0,9,20,180.0,0.0,0.0,3.15,0.0,0.0,176.85,1.0
random,10,demand_spike,10,20,26,26,0,3,10,312.0,60.0,10.0,1.0499999999999998,0.0,0.0,240.95,1.0
random,11,demand_spike,0,0,22,3,19,0,10,36.0,0.0,0.0,0.0,57.0,0.0,-21.0,0.13636363636363635
random,12,demand_spike,10,10,9,9,0,1,10,108.0,60.0,10.0,0.35,0.0,0.0,37.65,1.0
random,13,demand_spike,5,0,26,1,25,0,15,12.0,30.0,10.0,0.0,75.0,0.0,-103.0,0.038461538461538464
random,14,demand_spike,0,10,16,10,6,0,5,120.0,0.0,0.0,0.0,18.0,0.0,102.0,0.625
random,15,demand_spike,10,5,17,5,12,0,10,60.0,60.0,10.0,0.0,36.0,0.0,-46.0,0.29411764705882354
random,16,demand_spike,30,0,16,0,16,0,40,0.0,180.0,10.0,0.0,48.0,0.0,-238.0,0.0
random,17,demand_spike,10,10,20,10,10,0,40,120.0,60.0,10.0,0.0,30.0,0.0,20.0,0.5
random,18,demand_spike,20,30,19,19,0,11,30,228.0,120.0,10.0,3.8499999999999996,0.0,0.0,94.15,1.0
random,19,demand_spike,15,10,24,21,3,0,35,252.0,90.0,10.0,0.0,9.0,0.0,143.0,0.875
random,20,demand_spike,20,20,32,20,12,0,35,240.0,120.0,10.0,0.0,36.0,0.0,74.0,0.625
random,21,demand_spike,20,15,41,15,26,0,40,180.0,120.0,10.0,0.0,78.0,0.0,-28.0,0.36585365853658536
random,22,demand_spike,10,20,33,20,13,0,30,240.0,60.0,10.0,0.0,39.0,0.0,131.0,0.6060606060606061
random,23,demand_spike,5,20,30,20,10,0,15,240.0,30.0,10.0,0.0,30.0,0.0,170.0,0.6666666666666666
random,24,demand_spike,5,10,33,10,23,0,10,120.0,30.0,10.0,0.0,69.0,0.0,11.0,0.30303030303030304
random,25,demand_spike,5,5,34,5,29,0,10,60.0,30.0,10.0,0.0,87.0,0.0,-67.0,0.14705882352941177
random,26,demand_spike,5,5,30,5,25,0,10,60.0,30.0,10.0,0.0,75.0,0.0,-55.0,0.16666666666666666
random,27,demand_spike,30,5,40,5,35,0,35,60.0,180.0,10.0,0.0,105.0,0.0,-235.0,0.125
random,28,demand_spike,0,5,39,5,34,0,30,60.0,0.0,0.0,0.0,102.0,0.0,-42.0,0.1282051282051282
random,29,demand_spike,5,30,28,28,0,2,5,336.0,30.0,10.0,0.7,0.0,0.0,295.3,1.0
random,30,demand_spike,10,0,19,2,17,0,15,24.0,60.0,10.0,0.0,51.0,0.0,-97.0,0.10526315789473684
random,31,demand_spike,0,5,19,5,14,0,10,60.0,0.0,0.0,0.0,42.0,0.0,18.0,0.2631578947368421
random,32,demand_spike,10,10,21,10,11,0,10,120.0,60.0,10.0,0.0,33.0,0.0,17.0,0.47619047619047616
random,33,demand_spike,0,0,18,0,18,0,10,0.0,0.0,0.0,0.0,54.0,0.0,-54.0,0.0
random,34,demand_spike,30,10,20,10,10,0,30,120.0,180.0,10.0,0.0,30.0,0.0,-100.0,0.5
random,35,demand_spike,20,0,31,0,31,0,50,0.0,120.0,10.0,0.0,93.0,0.0,-223.0,0.0
random,36,demand_spike,30,30,20,20,0,10,50,240.0,180.0,10.0,3.5,0.0,0.0,46.5,1.0
random,37,demand_spike,0,20,23,23,0,7,30,276.0,0.0,0.0,2.4499999999999997,0.0,0.0,273.55,1.0
random,38,demand_spike,10,30,25,25,0,12,10,300.0,60.0,10.0,4.199999999999999,0.0,0.0,225.8,1.0
random,39,demand_spike,15,0,14,12,2,0,25,144.0,90.0,10.0,0.0,6.0,0.0,38.0,0.8571428571428571
random,40,demand_spike,30,10,19,10,9,0,45,120.0,180.0,10.0,0.0,27.0,0.0,-97.0,0.5263157894736842
random,41,demand_spike,10,15,25,15,10,0,40,180.0,60.0,10.0,0.0,30.0,0.0,80.0,0.6
random,42,demand_spike,10,30,36,30,6,0,20,360.0,60.0,10.0,0.0,18.0,0.0,272.0,0.8333333333333334
random,43,demand_spike,10,10,12,10,2,0,20,120.0,60.0,10.0,0.0,6.0,0.0,44.0,0.8333333333333334
random,44,demand_spike,5,10,24,10,14,0,15,120.0,30.0,10.0,0.0,42.0,0.0,38.0,0.4166666666666667
random,45,demand_spike,0,10,19,10,9,0,5,120.0,0.0,0.0,0.0,27.0,0.0,93.0,0.5263157894736842
random,46,demand_spike,15,5,17,5,12,0,15,60.0,90.0,10.0,0.0,36.0,0.0,-76.0,0.29411764705882354
random,47,demand_spike,20,0,26,0,26,0,35,0.0,120.0,10.0,0.0,78.0,0.0,-208.0,0.0
random,48,demand_spike,30,15,34,15,19,0,50,180.0,180.0,10.0,0.0,57.0,0.0,-67.0,0.4411764705882353
random,49,demand_spike,30,20,25,20,5,0,60,240.0,180.0,10.0,0.0,15.0,0.0,35.0,0.8
random,50,demand_spike,20,30,17,17,0,13,50,204.0,120.0,10.0,4.55,0.0,0.0,69.45,1.0
random,51,demand_spike,15,30,20,20,0,23,35,240.0,90.0,10.0,8.049999999999999,0.0,0.0,131.95,1.0
random,52,demand_spike,0,20,20,20,0,23,15,240.0,0.0,0.0,8.049999999999999,0.0,0.0,231.95,1.0
random,53,demand_spike,15,15,15,15,0,23,15,180.0,90.0,10.0,8.049999999999999,0.0,0.0,71.95,1.0
random,54,demand_spike,15,0,16,16,0,7,30,192.0,90.0,10.0,2.4499999999999997,0.0,0.0,89.55,1.0
random,55,demand_spike,15,15,33,22,11,0,30,264.0,90.0,10.0,0.0,33.0,0.0,131.0,0.6666666666666666
random,56,demand_spike,15,15,23,15,8,0,30,180.0,90.0,10.0,0.0,24.0,0.0,56.0,0.6521739130434783
random,57,demand_spike,15,15,17,15,2,0,30,180.0,90.0,10.0,0.0,6.0,0.0,74.0,0.8823529411764706
random,58,demand_spike,5,15,22,15,7,0,20,180.0,30.0,10.0,0.0,21.0,0.0,119.0,0.6818181818181818
random,59,demand_spike,10,15,16,15,1,0,15,180.0,60.0,10.0,0.0,3.0,0.0,107.0,0.9375
random,60,demand_spike,5,5,20,5,15,0,15,60.0,30.0,10.0,0.0,45.0,0.0,-25.0,0.25
reorder_point,1,demand_spike,30,0,12,12,0,13,30,144.0,180.0,10.0,4.55,0.0,0.0,-50.55,1.0
reorder_point,2,demand_spike,0,0,20,13,7,0,30,156.0,0.0,0.0,0.0,21.0,0.0,135.0,0.65
reorder_point,3,demand_spike,30,30,21,21,0,9,30,252.0,180.0,10.0,3.15,0.0,0.0,58.85,1.0
reorder_point,4,demand_spike,0,0,15,9,6,0,30,108.0,0.0,0.0,0.0,18.0,0.0,90.0,0.6
reorder_point,5,demand_spike,30,30,13,13,0,17,30,156.0,180.0,10.0,5.949999999999999,0.0,0.0,-39.95,1.0
reorder_point,6,demand_spike,0,0,27,17,10,0,30,204.0,0.0,0.0,0.0,30.0,0.0,174.0,0.6296296296296297
reorder_point,7,demand_spike,30,30,26,26,0,4,30,312.0,180.0,10.0,1.4,0.0,0.0,120.6,1.0
reorder_point,8,demand_spike,30,0,21,4,17,0,60,48.0,180.0,10.0,0.0,51.0,0.0,-193.0,0.19047619047619047
reorder_point,9,demand_spike,0,30,15,15,0,15,30,180.0,0.0,0.0,5.25,0.0,0.0,174.75,1.0
reorder_point,10,demand_spike,0,30,26,26,0,19,0,312.0,0.0,0.0,6.6499999999999995,0.0,0.0,305.35,1.0
reorder_point,11,demand_spike,30,0,22,19,3,0,30,228.0,180.0,10.0,0.0,9.0,0.0,29.0,0.8636363636363636
reorder_point,12,demand_spike,30,0,9,0,9,0,60,0.0,180.0,10.0,0.0,27.0,0.0,-217.0,0.0
reorder_point,13,demand_spike,0,30,26,26,0,4,30,312.0,0.0,0.0,1.4,0.0,0.0,310.6,1.0
reorder_point,14,demand_spike,30,30,16,16,0,18,30,192.0,180.0,10.0,6.3,0.0,0.0,-4.3,1.0
reorder_point,15,demand_spike,0,0,17,17,0,1,30,204.0,0.0,0.0,0.35,0.0,0.0,203.65,1.0
reorder_point,16,demand_spike,30,30,16,16,0,15,30,192.0,180.0,10.0,5.25,0.0,0.0,-3.25,1.0
reorder_point,17,demand_spike,0,0,20,15,5,0,30,180.0,0.0,0.0,0.0,15.0,0.0,165.0,0.75
reorder_point,18,demand_spike,30,30,19,19,0,11,30,228.0,180.0,10.0,3.8499999999999996,0.0,0.0,34.15,1.0
reorder_point,19,demand_spike,0,0,24,11,13,0,30,132.0,0.0,0.0,0.0,39.0,0.0,93.0,0.4583333333333333
reorder_point,20,demand_spike,30,30,32,30,2,0,30,360.0,180.0,10.0,0.0,6.0,0.0,164.0,0.9375
reorder_point,21,demand_spike,30,0,41,0,41,0,60,0.0,180.0,10.0,0.0,123.0,0.0,-313.0,0.0
reorder_point,22,demand_spike,0,30,33,30,3,0,30,360.0,0.0,0.0,0.0,9.0,0.0,351.0,0.9090909090909091
reorder_point,23,demand_spike,30,30,30,30,0,0,30,360.0,180.0,10.0,0.0,0.0,0.0,170.0,1.0
reorder_point,24,demand_spike,30,0,33,0,33,0,60,0.0,180.0,10.0,0.0,99.0,0.0,-289.0,0.0
reorder_point,25,demand_spike,0,30,34,30,4,0,30,360.0,0.0,0.0,0.0,12.0,0.0,348.0,0.8823529411764706
reorder_point,26,demand_spike,30,30,30,30,0,0,30,360.0,180.0,10.0,0.0,0.0,0.0,170.0,1.0
reorder_point,27,demand_spike,30,0,40,0,40,0,60,0.0,180.0,10.0,0.0,120.0,0.0,-310.0,0.0
reorder_point,28,demand_spike,0,30,39,30,9,0,30,360.0,0.0,0.0,0.0,27.0,0.0,333.0,0.7692307692307693
reorder_point,29,demand_spike,30,30,28,28,0,2,30,336.0,180.0,10.0,0.7,0.0,0.0,145.3,1.0
reorder_point,30,demand_spike,30,0,19,2,17,0,60,24.0,180.0,10.0,0.0,51.0,0.0,-217.0,0.10526315789473684
reorder_point,31,demand_spike,0,30,19,19,0,11,30,228.0,0.0,0.0,3.8499999999999996,0.0,0.0,224.15,1.0
reorder_point,32,demand_spike,0,30,21,21,0,20,0,252.0,0.0,0.0,7.0,0.0,0.0,245.0,1.0
reorder_point,33,demand_spike,30,0,18,18,0,2,30,216.0,180.0,10.0,0.7,0.0,0.0,25.3,1.0
reorder_point,34,demand_spike,30,0,20,2,18,0,60,24.0,180.0,10.0,0.0,54.0,0.0,-220.0,0.1
reorder_point,35,demand_spike,0,30,31,30,1,0,30,360.0,0.0,0.0,0.0,3.0,0.0,357.0,0.967741935483871
reorder_point,36,demand_spike,30,30,20,20,0,10,30,240.0,180.0,10.0,3.5,0.0,0.0,46.5,1.0
reorder_point,37,demand_spike,0,0,23,10,13,0,30,120.0,0.0,0.0,0.0,39.0,0.0,81.0,0.43478260869565216
reorder_point,38,demand_spike,30,30,25,25,0,5,30,300.0,180.0,10.0,1.75,0.0,0.0,108.25,1.0
reorder_point,39,demand_spike,0,0,14,5,9,0,30,60.0,0.0,0.0,0.0,27.0,0.0,33.0,0.35714285714285715
reorder_point,40,demand_spike,30,30,19,19,0,11,30,228.0,180.0,10.0,3.8499999999999996,0.0,0.0,34.15,1.0
reorder_point,41,demand_spike,0,0,25,11,14,0,30,132.0,0.0,0.0,0.0,42.0,0.0,90.0,0.44
reorder_point,42,demand_spike,30,30,36,30,6,0,30,360.0,180.0,10.0,0.0,18.0,0.0,152.0,0.8333333333333334
reorder_point,43,demand_spike,30,0,12,0,12,0,60,0.0,180.0,10.0,0.0,36.0,0.0,-226.0,0.0
reorder_point,44,demand_spike,0,30,24,24,0,6,30,288.0,0.0,0.0,2.0999999999999996,0.0,0.0,285.9,1.0
reorder_point,45,demand_spike,0,30,19,19,0,17,0,228.0,0.0,0.0,5.949999999999999,0.0,0.0,222.05,1.0
reorder_point,46,demand_spike,30,0,17,17,0,0,30,204.0,180.0,10.0,0.0,0.0,0.0,14.0,1.0
reorder_point,47,demand_spike,30,0,26,0,26,0,60,0.0,180.0,10.0,0.0,78.0,0.0,-268.0,0.0
reorder_point,48,demand_spike,0,30,34,30,4,0,30,360.0,0.0,0.0,0.0,12.0,0.0,348.0,0.8823529411764706
reorder_point,49,demand_spike,30,30,25,25,0,5,30,300.0,180.0,10.0,1.75,0.0,0.0,108.25,1.0
reorder_point,50,demand_spike,0,0,17,5,12,0,30,60.0,0.0,0.0,0.0,36.0,0.0,24.0,0.29411764705882354
reorder_point,51,demand_spike,30,30,20,20,0,10,30,240.0,180.0,10.0,3.5,0.0,0.0,46.5,1.0
reorder_point,52,demand_spike,0,0,20,10,10,0,30,120.0,0.0,0.0,0.0,30.0,0.0,90.0,0.5
reorder_point,53,demand_spike,30,30,15,15,0,15,30,180.0,180.0,10.0,5.25,0.0,0.0,-15.25,1.0
reorder_point,54,demand_spike,0,0,16,15,1,0,30,180.0,0.0,0.0,0.0,3.0,0.0,177.0,0.9375
reorder_point,55,demand_spike,30,30,33,30,3,0,30,360.0,180.0,10.0,0.0,9.0,0.0,161.0,0.9090909090909091
reorder_point,56,demand_spike,30,0,23,0,23,0,60,0.0,180.0,10.0,0.0,69.0,0.0,-259.0,0.0
reorder_point,57,demand_spike,0,30,17,17,0,13,30,204.0,0.0,0.0,4.55,0.0,0.0,199.45,1.0
reorder_point,58,demand_spike,0,30,22,22,0,21,0,264.0,0.0,0.0,7.35,0.0,0.0,256.65,1.0
reorder_point,59,demand_spike,30,0,16,16,0,5,30,192.0,180.0,10.0,1.75,0.0,0.0,0.25,1.0
reorder_point,60,demand_spike,0,0,20,5,15,0,30,60.0,0.0,0.0,0.0,45.0,0.0,15.0,0.25
q_learning,1,demand_spike,5,0,12,12,0,13,5,144.0,30.0,10.0,4.55,0.0,0.0,99.45,1.0
q_learning,2,demand_spike,10,0,20,13,7,0,15,156.0,60.0,10.0,0.0,21.0,0.0,65.0,0.65
q_learning,3,demand_spike,15,5,21,5,16,0,25,60.0,90.0,10.0,0.0,48.0,0.0,-88.0,0.23809523809523808
q_learning,4,demand_spike,15,10,15,10,5,0,30,120.0,90.0,10.0,0.0,15.0,0.0,5.0,0.6666666666666666
q_learning,5,demand_spike,15,15,13,13,0,2,30,156.0,90.0,10.0,0.7,0.0,0.0,55.3,1.0
q_learning,6,demand_spike,20,15,27,17,10,0,35,204.0,120.0,10.0,0.0,30.0,0.0,44.0,0.6296296296296297
q_learning,7,demand_spike,20,15,26,15,11,0,40,180.0,120.0,10.0,0.0,33.0,0.0,17.0,0.5769230769230769
q_learning,8,demand_spike,15,20,21,20,1,0,35,240.0,90.0,10.0,0.0,3.0,0.0,137.0,0.9523809523809523
q_learning,9,demand_spike,15,20,15,15,0,5,30,180.0,90.0,10.0,1.75,0.0,0.0,78.25,1.0
q_learning,10,demand_spike,15,15,26,20,6,0,30,240.0,90.0,10.0,0.0,18.0,0.0,122.0,0.7692307692307693
q_learning,11,demand_spike,15,15,22,15,7,0,30,180.0,90.0,10.0,0.0,21.0,0.0,59.0,0.6818181818181818
q_learning,12,demand_spike,15,15,9,9,0,6,30,108.0,90.0,10.0,2.0999999999999996,0.0,0.0,5.9,1.0
q_learning,13,demand_spike,20,15,26,21,5,0,35,252.0,120.0,10.0,0.0,15.0,0.0,107.0,0.8076923076923077
q_learning,14,demand_spike,20,15,16,15,1,0,40,180.0,120.0,10.0,0.0,3.0,0.0,47.0,0.9375
q_learning,15,demand_spike,15,20,17,17,0,3,35,204.0,90.0,10.0,1.0499999999999998,0.0,0.0,102.95,1.0
q_learning,16,demand_spike,15,20,16,16,0,7,30,192.0,90.0,10.0,2.4499999999999997,0.0,0.0,89.55,1.0
q_learning,17,demand_spike,15,15,20,20,0,2,30,240.0,90.0,10.0,0.7,0.0,0.0,139.3,1.0
q_learning,18,demand_spike,15,15,19,17,2,0,30,204.0,90.0,10.0,0.0,6.0,0.0,98.0,0.8947368421052632
q_learning,19,demand_spike,15,15,24,15,9,0,30,180.0,90.0,10.0,0.0,27.0,0.0,53.0,0.625
q_learning,20,demand_spike,20,15,32,15,17,0,35,180.0,120.0,10.0,0.0,51.0,0.0,-1.0,0.46875
q_learning,21,demand_spike,15,15,41,15,26,0,35,180.0,90.0,10.0,0.0,78.0,0.0,2.0,0.36585365853658536
q_learning,22,demand_spike,0,20,33,20,13,0,15,240.0,0.0,0.0,0.0,39.0,0.0,201.0,0.6060606060606061
q_learning,23,demand_spike,20,15,30,15,15,0,20,180.0,120.0,10.0,0.0,45.0,0.0,5.0,0.5
q_learning,24,demand_spike,20,0,33,0,33,0,40,0.0,120.0,10.0,0.0,99.0,0.0,-229.0,0.0
q_learning,25,demand_spike,0,20,34,20,14,0,20,240.0,0.0,0.0,0.0,42.0,0.0,198.0,0.5882352941176471
q_learning,26,demand_spike,20,20,30,20,10,0,20,240.0,120.0,10.0,0.0,30.0,0.0,80.0,0.6666666666666666
q_learning,27,demand_spike,0,0,40,0,40,0,20,0.0,0.0,0.0,0.0,120.0,0.0,-120.0,0.0
q_learning,28,demand_spike,0,20,39,20,19,0,0,240.0,0.0,0.0,0.0,57.0,0.0,183.0,0.5128205128205128
q_learning,29,demand_spike,5,0,28,0,28,0,5,0.0,30.0,10.0,0.0,84.0,0.0,-124.0,0.0
q_learning,30,demand_spike,20,0,19,0,19,0,25,0.0,120.0,10.0,0.0,57.0,0.0,-187.0,0.0
q_learning,31,demand_spike,0,5,19,5,14,0,20,60.0,0.0,0.0,0.0,42.0,0.0,18.0,0.2631578947368421
q_learning,32,demand_spike,30,20,21,20,1,0,30,240.0,180.0,10.0,0.0,3.0,0.0,47.0,0.9523809523809523
q_learning,33,demand_spike,20,0,18,0,18,0,50,0.0,120.0,10.0,0.0,54.0,0.0,-184.0,0.0
q_learning,34,demand_spike,0,30,20,20,0,10,20,240.0,0.0,0.0,3.5,0.0,0.0,236.5,1.0
q_learning,35,demand_spike,20,20,31,30,1,0,20,360.0,120.0,10.0,0.0,3.0,0.0,227.0,0.967741935483871
q_learning,36,demand_spike,30,0,20,0,20,0,50,0.0,180.0,10.0,0.0,60.0,0.0,-250.0,0.0
q_learning,37,demand_spike,0,20,23,20,3,0,30,240.0,0.0,0.0,0.0,9.0,0.0,231.0,0.8695652173913043
q_learning,38,demand_spike,0,30,25,25,0,5,0,300.0,0.0,0.0,1.75,0.0,0.0,298.25,1.0
q_learning,39,demand_spike,5,0,14,5,9,0,5,60.0,30.0,10.0,0.0,27.0,0.0,-7.0,0.35714285714285715
q_learning,40,demand_spike,30,0,19,0,19,0,35,0.0,180.0,10.0,0.0,57.0,0.0,-247.0,0.0
q_learning,41,demand_spike,20,5,25,5,20,0,50,60.0,120.0,10.0,0.0,60.0,0.0,-130.0,0.2
q_learning,42,demand_spike,15,30,36,30,6,0,35,360.0,90.0,10.0,0.0,18.0,0.0,242.0,0.8333333333333334
q_learning,43,demand_spike,15,20,12,12,0,8,30,144.0,90.0,10.0,2.8,0.0,0.0,41.2,1.0
q_learning,44,demand_spike,15,15,24,23,1,0,30,276.0,90.0,10.0,0.0,3.0,0.0,173.0,0.9583333333333334
q_learning,45,demand_spike,15,15,19,15,4,0,30,180.0,90.0,10.0,0.0,12.0,0.0,68.0,0.7894736842105263
q_learning,46,demand_spike,30,15,17,15,2,0,45,180.0,180.0,10.0,0.0,6.0,0.0,-16.0,0.8823529411764706
q_learning,47,demand_spike,30,15,26,15,11,0,60,180.0,180.0,10.0,0.0,33.0,0.0,-43.0,0.5769230769230769
q_learning,48,demand_spike,15,30,34,30,4,0,45,360.0,90.0,10.0,0.0,12.0,0.0,248.0,0.8823529411764706
q_learning,49,demand_spike,20,30,25,25,0,5,35,300.0,120.0,10.0,1.75,0.0,0.0,168.25,1.0
q_learning,50,demand_spike,15,15,17,17,0,3,35,204.0,90.0,10.0,1.0499999999999998,0.0,0.0,102.95,1.0
q_learning,51,demand_spike,15,20,20,20,0,3,30,240.0,90.0,10.0,1.0499999999999998,0.0,0.0,138.95,1.0
q_learning,52,demand_spike,30,15,20,18,2,0,45,216.0,180.0,10.0,0.0,6.0,0.0,20.0,0.9
q_learning,53,demand_spike,30,15,15,15,0,0,60,180.0,180.0,10.0,0.0,0.0,0.0,-10.0,1.0
q_learning,54,demand_spike,0,30,16,16,0,14,30,192.0,0.0,0.0,4.8999999999999995,0.0,0.0,187.1,1.0
q_learning,55,demand_spike,15,30,33,33,0,11,15,396.0,90.0,10.0,3.8499999999999996,0.0,0.0,292.15,1.0
q_learning,56,demand_spike,0,0,23,11,12,0,15,132.0,0.0,0.0,0.0,36.0,0.0,96.0,0.4782608695652174
q_learning,57,demand_spike,20,15,17,15,2,0,20,180.0,120.0,10.0,0.0,6.0,0.0,44.0,0.8823529411764706
q_learning,58,demand_spike,20,0,22,0,22,0,40,0.0,120.0,10.0,0.0,66.0,0.0,-196.0,0.0
q_learning,59,demand_spike,30,20,16,16,0,4,50,192.0,180.0,10.0,1.4,0.0,0.0,0.6000000000000001,1.0
q_learning,60,demand_spike,0,20,20,20,0,4,30,240.0,0.0,0.0,1.4,0.0,16.0,222.6,1.0
random,1,demand_slump,20,0,24,24,0,1,20,288.0,120.0,10.0,0.35,0.0,0.0,157.65,1.0
random,2,demand_slump,15,0,24,1,23,0,35,12.0,90.0,10.0,0.0,69.0,0.0,-157.0,0.041666666666666664
random,3,demand_slump,5,20,14,14,0,6,20,168.0,30.0,10.0,2.0999999999999996,0.0,0.0,125.9,1.0
random,4,demand_slump,0,15,14,14,0,7,5,168.0,0.0,0.0,2.4499999999999997,0.0,0.0,165.55,1.0
random,5,demand_slump,0,5,21,12,9,0,0,144.0,0.0,0.0,0.0,27.0,0.0,117.0,0.5714285714285714
random,6,demand_slump,5,0,27,0,27,0,5,0.0,30.0,10.0,0.0,81.0,0.0,-121.0,0.0
random,7,demand_slump,10,0,25,0,25,0,15,0.0,60.0,10.0,0.0,75.0,0.0,-145.0,0.0
random,8,demand_slump,5,5,20,5,15,0,15,60.0,30.0,10.0,0.0,45.0,0.0,-25.0,0.25
random,9,demand_slump,15,10,12,10,2,0,20,120.0,90.0,10.0,0.0,6.0,0.0,14.0,0.8333333333333334
random,10,demand_slump,5,5,20,5,15,0,20,60.0,30.0,10.0,0.0,45.0,0.0,-25.0,0.25
random,11,demand_slump,30,15,19,15,4,0,35,180.0,180.0,10.0,0.0,12.0,0.0,-22.0,0.7894736842105263
random,12,demand_slump,5,5,17,5,12,0,35,60.0,30.0,10.0,0.0,36.0,0.0,-16.0,0.29411764705882354
random,13,demand_slump,30,30,21,21,0,9,35,252.0,180.0,10.0,3.15,0.0,0.0,58.85,1.0
random,14,demand_slump,0,5,24,14,10,0,30,168.0,0.0,0.0,0.0,30.0,0.0,138.0,0.5833333333333334
random,15,demand_slump,15,30,24,24,0,6,15,288.0,90.0,10.0,2.0999999999999996,0.0,0.0,185.9,1.0
random,16,demand_slump,0,0,12,6,6,0,15,72.0,0.0,0.0,0.0,18.0,0.0,54.0,0.5
random,17,demand_slump,20,15,21,15,6,0,20,180.0,120.0,10.0,0.0,18.0,0.0,32.0,0.7142857142857143
random,18,demand_slump,20,0,26,0,26,0,40,0.0,120.0,10.0,0.0,78.0,0.0,-208.0,0.0
random,19,demand_slump,10,20,22,20,2,0,30,240.0,60.0,10.0,0.0,6.0,0.0,164.0,0.9090909090909091
random,20,demand_slump,20,20,25,20,5,0,30,240.0,120.0,10.0,0.0,15.0,0.0,95.0,0.8
random,21,demand_slump,15,10,14,10,4,0,35,120.0,90.0,10.0,0.0,12.0,0.0,8.0,0.7142857142857143
random,22,demand_slump,15,20,12,12,0,8,30,144.0,90.0,10.0,2.8,0.0,0.0,41.2,1.0
random,23,demand_slump,10,15,9,9,0,14,25,108.0,60.0,10.0,4.8999999999999995,0.0,0.0,33.1,1.0
random,24,demand_slump,20,15,6,6,0,23,30,72.0,120.0,10.0,8.049999999999999,0.0,0.0,-66.05,1.0
random,25,demand_slump,5,10,6,6,0,27,25,72.0,30.0,10.0,9.45,0.0,0.0,22.55,1.0
random,26,demand_slump,0,20,4,4,0,43,5,48.0,0.0,0.0,15.049999999999999,0.0,0.0,32.95,1.0
random,27,demand_slump,15,5,12,12,0,36,15,144.0,90.0,10.0,12.6,0.0,0.0,31.4,1.0
random,28,demand_slump,15,0,10,10,0,26,30,120.0,90.0,10.0,9.1,0.0,0.0,10.9,1.0
random,29,demand_slump,15,15,8,8,0,33,30,96.0,90.0,10.0,11.549999999999999,0.0,0.0,-15.549999999999999,1.0
random,30,demand_slump,15,15,11,11,0,37,30,132.0,90.0,10.0,12.95,0.0,0.0,19.05,1.0
random,31,demand_slump,5,15,5,5,0,47,20,60.0,30.0,10.0,16.45,0.0,0.0,3.5500000000000007,1.0
random,32,demand_slump,30,15,12,12,0,50,35,144.0,180.0,10.0,17.5,0.0,0.0,-63.5,1.0
random,33,demand_slump,10,5,11,11,0,44,40,132.0,60.0,10.0,15.399999999999999,0.0,0.0,46.6,1.0
random,34,demand_slump,15,30,12,12,0,62,25,144.0,90.0,10.0,21.7,0.0,0.0,22.3,1.0
random,35,demand_slump,5,10,5,5,0,67,20,60.0,30.0,10.0,23.45,0.0,0.0,-3.4499999999999993,1.0
random,36,demand_slump,20,15,11,11,0,71,25,132.0,120.0,10.0,24.849999999999998,0.0,0.0,-22.849999999999998,1.0
random,37,demand_slump,0,5,27,27,0,49,20,324.0,0.0,0.0,17.15,0.0,0.0,306.85,1.0
random,38,demand_slump,0,20,11,11,0,58,0,132.0,0.0,0.0,20.299999999999997,0.0,0.0,111.7,1.0
random,39,demand_slump,0,0,19,19,0,39,0,228.0,0.0,0.0,13.649999999999999,0.0,0.0,214.35,1.0
random,40,demand_slump,10,0,19,19,0,20,10,228.0,60.0,10.0,7.0,0.0,0.0,151.0,1.0
random,41,demand_slump,10,0,26,20,6,0,20,240.0,60.0,10.0,0.0,18.0,0.0,152.0,0.7692307692307693
random,42,demand_slump,10,10,22,10,12,0,20,120.0,60.0,10.0,0.0,36.0,0.0,14.0,0.45454545454545453
random,43,demand_slump,5,10,21,10,11,0,15,120.0,30.0,10.0,0.0,33.0,0.0,47.0,0.47619047619047616
random,44,demand_slump,0,10,18,10,8,0,5,120.0,0.0,0.0,0.0,24.0,0.0,96.0,0.5555555555555556
random,45,demand_slump,0,5,16,5,11,0,0,60.0,0.0,0.0,0.0,33.0,0.0,27.0,0.3125
random,46,demand_slump,10,0,16,0,16,0,10,0.0,60.0,10.0,0.0,48.0,0.0,-118.0,0.0
random,47,demand_slump,0,0,21,0,21,0,10,0.0,0.0,0.0,0.0,63.0,0.0,-63.0,0.0
random,48,demand_slump,15,10,25,10,15,0,15,120.0,90.0,10.0,0.0,45.0,0.0,-25.0,0.4
random,49,demand_slump,30,0,27,0,27,0,45,0.0,180.0,10.0,0.0,81.0,0.0,-271.0,0.0
random,50,demand_slump,0,15,15,15,0,0,30,180.0,0.0,0.0,0.0,0.0,0.0,180.0,1.0
random,51,demand_slump,0,30,19,19,0,11,0,228.0,0.0,0.0,3.8499999999999996,0.0,0.0,224.15,1.0
random,52,demand_slump,0,0,15,11,4,0,0,132.0,0.0,0.0,0.0,12.0,0.0,120.0,0.7333333333333333
random,53,demand_slump,10,0,16,0,16,0,10,0.0,60.0,10.0,0.0,48.0,0.0,-118.0,0.0
random,54,demand_slump,5,0,29,0,29,0,15,0.0,30.0,10.0,0.0,87.0,0.0,-127.0,0.0
random,55,demand_slump,0,10,29,10,19,0,5,120.0,0.0,0.0,0.0,57.0,0.0,63.0,0.3448275862068966
random,56,demand_slump,0,5,30,5,25,0,0,60.0,0.0,0.0,0.0,75.0,0.0,-15.0,0.16666666666666666
random,57,demand_slump,20,0,24,0,24,0,20,0.0,120.0,10.0,0.0,72.0,0.0,-202.0,0.0
random,58,demand_slump,20,0,15,0,15,0,40,0.0,120.0,10.0,0.0,45.0,0.0,-175.0,0.0
random,59,demand_slump,15,20,22,20,2,0,35,240.0,90.0,10.0,0.0,6.0,0.0,134.0,0.9090909090909091
random,60,demand_slump,30,20,30,20,10,0,45,240.0,180.0,10.0,0.0,30.0,0.0,20.0,0.6666666666666666
reorder_point,1,demand_slump,30,0,24,24,0,1,30,288.0,180.0,10.0,0.35,0.0,0.0,97.65,1.0
reorder_point,2,demand_slump,30,0,24,1,23,0,60,12.0,180.0,10.0,0.0,69.0,0.0,-247.0,0.041666666666666664
reorder_point,3,demand_slump,0,30,14,14,0,16,30,168.0,0.0,0.0,5.6,0.0,0.0,162.4,1.0
reorder_point,4,demand_slump,0,30,14,14,0,32,0,168.0,0.0,0.0,11.2,0.0,0.0,156.8,1.0
reorder_point,5,demand_slump,30,0,21,21,0,11,30,252.0,180.0,10.0,3.8499999999999996,0.0,0.0,58.15,1.0
reorder_point,6,demand_slump,0,0,27,11,16,0,30,132.0,0.0,0.0,0.0,48.0,0.0,84.0,0.4074074074074074
reorder_point,7,demand_slump,30,30,25,25,0,5,30,300.0,180.0,10.0,1.75,0.0,0.0,108.25,1.0
reorder_point,8,demand_slump,0,0,20,5,15,0,30,60.0,0.0,0.0,0.0,45.0,0.0,15.0,0.25
reorder_point,9,demand_slump,30,30,12,12,0,18,30,144.0,180.0,10.0,6.3,0.0,0.0,-52.3,1.0
reorder_point,10,demand_slump,0,0,20,18,2,0,30,216.0,0.0,0.0,0.0,6.0,0.0,210.0,0.9
reorder_point,11,demand_slump,30,30,19,19,0,11,30,228.0,180.0,10.0,3.8499999999999996,0.0,0.0,34.15,1.0
reorder_point,12,demand_slump,0,0,17,11,6,0,30,132.0,0.0,0.0,0.0,18.0,0.0,114.0,0.6470588235294118
reorder_point,13,demand_slump,30,30,21,21,0,9,30,252.0,180.0,10.0,3.15,0.0,0.0,58.85,1.0
reorder_point,14,demand_slump,0,0,24,9,15,0,30,108.0,0.0,0.0,0.0,45.0,0.0,63.0,0.375
reorder_point,15,demand_slump,30,30,24,24,0,6,30,288.0,180.0,10.0,2.0999999999999996,0.0,0.0,95.9,1.0
reorder_point,16,demand_slump,0,0,12,6,6,0,30,72.0,0.0,0.0,0.0,18.0,0.0,54.0,0.5
reorder_point,17,demand_slump,30,30,21,21,0,9,30,252.0,180.0,10.0,3.15,0.0,0.0,58.85,1.0
reorder_point,18,demand_slump,0,0,26,9,17,0,30,108.0,0.0,0.0,0.0,51.0,0.0,57.0,0.34615384615384615
reorder_point,19,demand_slump,30,30,22,22,0,8,30,264.0,180.0,10.0,2.8,0.0,0.0,71.2,1.0
reorder_point,20,demand_slump,0,0,25,8,17,0,30,96.0,0.0,0.0,0.0,51.0,0.0,45.0,0.32
reorder_point,21,demand_slump,30,30,14,14,0,16,30,168.0,180.0,10.0,5.6,0.0,0.0,-27.6,1.0
reorder_point,22,demand_slump,0,0,12,12,0,4,30,144.0,0.0,0.0,1.4,0.0,0.0,142.6,1.0
reorder_point,23,demand_slump,30,30,9,9,0,25,30,108.0,180.0,10.0,8.75,0.0,0.0,-90.75,1.0
reorder_point,24,demand_slump,0,0,6,6,0,19,30,72.0,0.0,0.0,6.6499999999999995,0.0,0.0,65.35,1.0
reorder_point,25,demand_slump,0,30,6,6,0,43,0,72.0,0.0,0.0,15.049999999999999,0.0,0.0,56.95,1.0
reorder_point,26,demand_slump,0,0,4,4,0,39,0,48.0,0.0,0.0,13.649999999999999,0.0,0.0,34.35,1.0
reorder_point,27,demand_slump,0,0,12,12,0,27,0,144.0,0.0,0.0,9.45,0.0,0.0,134.55,1.0
reorder_point,28,demand_slump,30,0,10,10,0,17,30,120.0,180.0,10.0,5.949999999999999,0.0,0.0,-75.95,1.0
reorder_point,29,demand_slump,0,0,8,8,0,9,30,96.0,0.0,0.0,3.15,0.0,0.0,92.85,1.0
reorder_point,30,demand_slump,0,30,11,11,0,28,0,132.0,0.0,0.0,9.799999999999999,0.0,0.0,122.2,1.0
reorder_point,31,demand_slump,30,0,5,5,0,23,30,60.0,180.0,10.0,8.049999999999999,0.0,0.0,-138.05,1.0
reorder_point,32,demand_slump,0,0,12,12,0,11,30,144.0,0.0,0.0,3.8499999999999996,0.0,0.0,140.15,1.0
reorder_point,33,demand_slump,0,30,11,11,0,30,0,132.0,0.0,0.0,10.5,0.0,0.0,121.5,1.0
reorder_point,34,demand_slump,30,0,12,12,0,18,30,144.0,180.0,10.0,6.3,0.0,0.0,-52.3,1.0
reorder_point,35,demand_slump,0,0,5,5,0,13,30,60.0,0.0,0.0,4.55,0.0,0.0,55.45,1.0
reorder_point,36,demand_slump,0,30,11,11,0,32,0,132.0,0.0,0.0,11.2,0.0,0.0,120.8,1.0
reorder_point,37,demand_slump,30,0,27,27,0,5,30,324.0,180.0,10.0,1.75,0.0,0.0,132.25,1.0
reorder_point,38,demand_slump,0,0,11,5,6,0,30,60.0,0.0,0.0,0.0,18.0,0.0,42.0,0.45454545454545453
reorder_point,39,demand_slump,30,30,19,19,0,11,30,228.0,180.0,10.0,3.8499999999999996,0.0,0.0,34.15,1.0
reorder_point,40,demand_slump,0,0,19,11,8,0,30,132.0,0.0,0.0,0.0,24.0,0.0,108.0,0.5789473684210527
reorder_point,41,demand_slump,30,30,26,26,0,4,30,312.0,180.0,10.0,1.4,0.0,0.0,120.6,1.0
reorder_point,42,demand_slump,30,0,22,4,18,0,60,48.0,180.0,10.0,0.0,54.0,0.0,-196.0,0.18181818181818182
reorder_point,43,demand_slump,0,30,21,21,0,9,30,252.0,0.0,0.0,3.15,0.0,0.0,248.85,1.0
reorder_point,44,demand_slump,0,30,18,18,0,21,0,216.0,0.0,0.0,7.35,0.0,0.0,208.65,1.0
reorder_point,45,demand_slump,30,0,16,16,0,5,30,192.0,180.0,10.0,1.75,0.0,0.0,0.25,1.0
reorder_point,46,demand_slump,0,0,16,5,11,0,30,60.0,0.0,0.0,0.0,33.0,0.0,27.0,0.3125
reorder_point,47,demand_slump,30,30,21,21,0,9,30,252.0,180.0,10.0,3.15,0.0,0.0,58.85,1.0
reorder_point,48,demand_slump,0,0,25,9,16,0,30,108.0,0.0,0.0,0.0,48.0,0.0,60.0,0.36
reorder_point,49,demand_slump,30,30,27,27,0,3,30,324.0,180.0,10.0,1.0499999999999998,0.0,0.0,132.95,1.0
reorder_point,50,demand_slump,30,0,15,3,12,0,60,36.0,180.0,10.0,0.0,36.0,0.0,-190.0,0.2
reorder_point,51,demand_slump,0,30,19,19,0,11,30,228.0,0.0,0.0,3.8499999999999996,0.0,0.0,224.15,1.0
reorder_point,52,demand_slump,0,30,15,15,0,26,0,180.0,0.0,0.0,9.1,0.0,0.0,170.9,1.0
reorder_point,53,demand_slump,30,0,16,16,0,10,30,192.0,180.0,10.0,3.5,0.0,0.0,-1.5,1.0
reorder_point,54,demand_slump,0,0,29,10,19,0,30,120.0,0.0,0.0,0.0,57.0,0.0,63.0,0.3448275862068966
reorder_point,55,demand_slump,30,30,29,29,0,1,30,348.0,180.0,10.0,0.35,0.0,0.0,157.65,1.0
reorder_point,56,demand_slump,30,0,30,1,29,0,60,12.0,180.0,10.0,0.0,87.0,0.0,-265.0,0.03333333333333333
reorder_point,57,demand_slump,0,30,24,24,0,6,30,288.0,0.0,0.0,2.0999999999999996,0.0,0.0,285.9,1.0
reorder_point,58,demand_slump,0,30,15,15,0,21,0,180.0,0.0,0.0,7.35,0.0,0.0,172.65,1.0
reorder_point,59,demand_slump,30,0,22,21,1,0,30,252.0,180.0,10.0,0.0,3.0,0.0,59.0,0.9545454545454546
reorder_point,60,demand_slump,30,0,30,0,30,0,60,0.0,180.0,10.0,0.0,90.0,0.0,-280.0,0.0
q_learning,1,demand_slump,5,0,24,24,0,1,5,288.0,30.0,10.0,0.35,0.0,0.0,247.65,1.0
q_learning,2,demand_slump,15,0,24,1,23,0,20,12.0,90.0,10.0,0.0,69.0,0.0,-157.0,0.041666666666666664
q_learning,3,demand_slump,15,5,14,5,9,0,30,60.0,90.0,10.0,0.0,27.0,0.0,-67.0,0.35714285714285715
q_learning,4,demand_slump,15,15,14,14,0,1,30,168.0,90.0,10.0,0.35,0.0,0.0,67.65,1.0
q_learning,5,demand_slump,15,15,21,16,5,0,30,192.0,90.0,10.0,0.0,15.0,0.0,77.0,0.7619047619047619
q_learning,6,demand_slump,20,15,27,15,12,0,35,180.0,120.0,10.0,0.0,36.0,0.0,14.0,0.5555555555555556
q_learning,7,demand_slump,20,15,25,15,10,0,40,180.0,120.0,10.0,0.0,30.0,0.0,20.0,0.6
q_learning,8,demand_slump,15,20,20,20,0,0,35,240.0,90.0,10.0,0.0,0.0,0.0,140.0,1.0
q_learning,9,demand_slump,15,20,12,12,0,8,30,144.0,90.0,10.0,2.8,0.0,0.0,41.2,1.0
q_learning,10,demand_slump,15,15,20,20,0,3,30,240.0,90.0,10.0,1.0499999999999998,0.0,0.0,138.95,1.0
q_learning,11,demand_slump,15,15,19,18,1,0,30,216.0,90.0,10.0,0.0,3.0,0.0,113.0,0.9473684210526315
q_learning,12,demand_slump,15,15,17,15,2,0,30,180.0,90.0,10.0,0.0,6.0,0.0,74.0,0.8823529411764706
q_learning,13,demand_slump,20,15,21,15,6,0,35,180.0,120.0,10.0,0.0,18.0,0.0,32.0,0.7142857142857143
q_learning,14,demand_slump,20,15,24,15,9,0,40,180.0,120.0,10.0,0.0,27.0,0.0,23.0,0.625
q_learning,15,demand_slump,15,20,24,20,4,0,35,240.0,90.0,10.0,0.0,12.0,0.0,128.0,0.8333333333333334
q_learning,16,demand_slump,15,20,12,12,0,8,30,144.0,90.0,10.0,2.8,0.0,0.0,41.2,1.0
q_learning,17,demand_slump,15,15,21,21,0,2,30,252.0,90.0,10.0,0.7,0.0,0.0,151.3,1.0
q_learning,18,demand_slump,15,15,26,17,9,0,30,204.0,90.0,10.0,0.0,27.0,0.0,77.0,0.6538461538461539
q_learning,19,demand_slump,15,15,22,15,7,0,30,180.0,90.0,10.0,0.0,21.0,0.0,59.0,0.6818181818181818
q_learning,20,demand_slump,15,15,25,15,10,0,30,180.0,90.0,10.0,0.0,30.0,0.0,50.0,0.6
q_learning,21,demand_slump,15,15,14,14,0,1,30,168.0,90.0,10.0,0.35,0.0,0.0,67.65,1.0
q_learning,22,demand_slump,20,15,12,12,0,4,35,144.0,120.0,10.0,1.4,0.0,0.0,12.6,1.0
q_learning,23,demand_slump,20,15,9,9,0,10,40,108.0,120.0,10.0,3.5,0.0,0.0,-25.5,1.0
q_learning,24,demand_slump,5,20,6,6,0,24,25,72.0,30.0,10.0,8.399999999999999,0.0,0.0,23.6,1.0
q_learning,25,demand_slump,15,20,6,6,0,38,20,72.0,90.0,10.0,13.299999999999999,0.0,0.0,-41.3,1.0
q_learning,26,demand_slump,0,5,4,4,0,39,15,48.0,0.0,0.0,13.649999999999999,0.0,0.0,34.35,1.0
q_learning,27,demand_slump,0,15,12,12,0,42,0,144.0,0.0,0.0,14.7,0.0,0.0,129.3,1.0
q_learning,28,demand_slump,0,0,10,10,0,32,0,120.0,0.0,0.0,11.2,0.0,0.0,108.8,1.0
q_learning,29,demand_slump,0,0,8,8,0,24,0,96.0,0.0,0.0,8.399999999999999,0.0,0.0,87.6,1.0
q_learning,30,demand_slump,0,0,11,11,0,13,0,132.0,0.0,0.0,4.55,0.0,0.0,127.45,1.0
q_learning,31,demand_slump,0,0,5,5,0,8,0,60.0,0.0,0.0,2.8,0.0,0.0,57.2,1.0
q_learning,32,demand_slump,5,0,12,8,4,0,5,96.0,30.0,10.0,0.0,12.0,0.0,44.0,0.6666666666666666
q_learning,33,demand_slump,10,0,11,0,11,0,15,0.0,60.0,10.0,0.0,33.0,0.0,-103.0,0.0
q_learning,34,demand_slump,0,5,12,5,7,0,10,60.0,0.0,0.0,0.0,21.0,0.0,39.0,0.4166666666666667
q_learning,35,demand_slump,0,10,5,5,0,5,0,60.0,0.0,0.0,1.75,0.0,0.0,58.25,1.0
q_learning,36,demand_slump,5,0,11,5,6,0,5,60.0,30.0,10.0,0.0,18.0,0.0,2.0,0.45454545454545453
q_learning,37,demand_slump,10,0,27,0,27,0,15,0.0,60.0,10.0,0.0,81.0,0.0,-151.0,0.0
q_learning,38,demand_slump,30,5,11,5,6,0,40,60.0,180.0,10.0,0.0,18.0,0.0,-148.0,0.45454545454545453
q_learning,39,demand_slump,20,10,19,10,9,0,50,120.0,120.0,10.0,0.0,27.0,0.0,-37.0,0.5263157894736842
q_learning,40,demand_slump,5,30,19,19,0,11,25,228.0,30.0,10.0,3.8499999999999996,0.0,0.0,184.15,1.0
q_learning,41,demand_slump,15,20,26,26,0,5,20,312.0,90.0,10.0,1.75,0.0,0.0,210.25,1.0
q_learning,42,demand_slump,5,5,22,10,12,0,20,120.0,30.0,10.0,0.0,36.0,0.0,44.0,0.45454545454545453
q_learning,43,demand_slump,20,15,21,15,6,0,25,180.0,120.0,10.0,0.0,18.0,0.0,32.0,0.7142857142857143
q_learning,44,demand_slump,15,5,18,5,13,0,35,60.0,90.0,10.0,0.0,39.0,0.0,-79.0,0.2777777777777778
q_learning,45,demand_slump,30,20,16,16,0,4,45,192.0,180.0,10.0,1.4,0.0,0.0,0.6000000000000001,1.0
q_learning,46,demand_slump,30,15,16,16,0,3,60,192.0,180.0,10.0,1.0499999999999998,0.0,0.0,0.9500000000000002,1.0
q_learning,47,demand_slump,0,30,21,21,0,12,30,252.0,0.0,0.0,4.199999999999999,0.0,0.0,247.8,1.0
q_learning,48,demand_slump,15,30,25,25,0,17,15,300.0,90.0,10.0,5.949999999999999,0.0,0.0,194.05,1.0
q_learning,49,demand_slump,0,0,27,17,10,0,15,204.0,0.0,0.0,0.0,30.0,0.0,174.0,0.6296296296296297
q_learning,50,demand_slump,20,15,15,15,0,0,20,180.0,120.0,10.0,0.0,0.0,0.0,50.0,1.0
q_learning,51,demand_slump,20,0,19,0,19,0,40,0.0,120.0,10.0,0.0,57.0,0.0,-187.0,0.0
q_learning,52,demand_slump,30,20,15,15,0,5,50,180.0,180.0,10.0,1.75,0.0,0.0,-11.75,1.0
q_learning,53,demand_slump,0,20,16,16,0,9,30,192.0,0.0,0.0,3.15,0.0,0.0,188.85,1.0
q_learning,54,demand_slump,30,30,29,29,0,10,30,348.0,180.0,10.0,3.5,0.0,0.0,154.5,1.0
q_learning,55,demand_slump,20,0,29,10,19,0,50,120.0,120.0,10.0,0.0,57.0,0.0,-67.0,0.3448275862068966
q_learning,56,demand_slump,0,30,30,30,0,0,20,360.0,0.0,0.0,0.0,0.0,0.0,360.0,1.0
q_learning,57,demand_slump,20,20,24,20,4,0,20,240.0,120.0,10.0,0.0,12.0,0.0,98.0,0.8333333333333334
q_learning,58,demand_slump,20,0,15,0,15,0,40,0.0,120.0,10.0,0.0,45.0,0.0,-175.0,0.0
q_learning,59,demand_slump,15,20,22,20,2,0,35,240.0,90.0,10.0,0.0,6.0,0.0,134.0,0.9090909090909091
q_learning,60,demand_slump,30,20,30,20,10,0,45,240.0,180.0,10.0,0.0,30.0,0.0,20.0,0.6666666666666666
random,1,supplier_delay,20,0,18,18,0,7,20,216.0,120.0,10.0,2.4499999999999997,0.0,0.0,83.55,1.0
random,2,supplier_delay,0,0,17,7,10,0,20,84.0,0.0,0.0,0.0,30.0,0.0,54.0,0.4117647058823529
random,3,supplier_delay,10,20,17,17,0,3,10,204.0,60.0,10.0,1.0499999999999998,0.0,0.0,132.95,1.0
random,4,supplier_delay,10,0,9,3,6,0,20,36.0,60.0,10.0,0.0,18.0,0.0,-52.0,0.3333333333333333
random,5,supplier_delay,0,10,18,10,8,0,10,120.0,0.0,0.0,0.0,24.0,0.0,96.0,0.5555555555555556
random,6,supplier_delay,0,10,30,10,20,0,0,120.0,0.0,0.0,0.0,60.0,0.0,60.0,0.3333333333333333
random,7,supplier_delay,30,0,23,0,23,0,30,0.0,180.0,10.0,0.0,69.0,0.0,-259.0,0.0
random,8,supplier_delay,10,0,28,0,28,0,40,0.0,60.0,10.0,0.0,84.0,0.0,-154.0,0.0
random,9,supplier_delay,5,30,15,15,0,15,15,180.0,30.0,10.0,5.25,0.0,0.0,134.75,1.0
random,10,supplier_delay,15,10,16,16,0,9,20,192.0,90.0,10.0,3.15,0.0,0.0,88.85,1.0
random,11,supplier_delay,15,5,21,14,7,0,30,168.0,90.0,10.0,0.0,21.0,0.0,47.0,0.6666666666666666
random,12,supplier_delay,10,15,13,13,0,2,25,156.0,60.0,10.0,0.7,0.0,0.0,85.3,1.0
random,13,supplier_delay,20,15,31,17,14,0,30,204.0,120.0,10.0,0.0,42.0,0.0,32.0,0.5483870967741935
random,14,supplier_delay,15,10,32,10,22,0,35,120.0,90.0,10.0,0.0,66.0,0.0,-46.0,0.3125
random,15,supplier_delay,20,20,16,16,0,4,35,192.0,120.0,10.0,1.4,0.0,0.0,60.6,1.0
random,16,supplier_delay,0,15,17,17,0,2,20,204.0,0.0,0.0,0.7,0.0,0.0,203.3,1.0
random,17,supplier_delay,0,20,12,12,0,10,0,144.0,0.0,0.0,3.5,0.0,0.0,140.5,1.0
random,18,supplier_delay,20,0,19,10,9,0,20,120.0,120.0,10.0,0.0,27.0,0.0,-37.0,0.5263157894736842
random,19,supplier_delay,20,0,15,0,15,0,40,0.0,120.0,10.0,0.0,45.0,0.0,-175.0,0.0
random,20,supplier_delay,15,0,29,0,29,0,55,0.0,90.0,10.0,0.0,87.0,0.0,-187.0,0.0
random,21,supplier_delay,5,0,17,0,17,0,60,0.0,30.0,10.0,0.0,51.0,0.0,-91.0,0.0
random,22,supplier_delay,10,20,23,20,3,0,50,240.0,60.0,10.0,0.0,9.0,0.0,161.0,0.8695652173913043
random,23,supplier_delay,10,20,26,20,6,0,40,240.0,60.0,10.0,0.0,18.0,0.0,152.0,0.7692307692307693
random,24,supplier_delay,15,15,11,11,0,4,40,132.0,90.0,10.0,1.4,0.0,0.0,30.6,1.0
random,25,supplier_delay,5,5,15,9,6,0,40,108.0,30.0,10.0,0.0,18.0,0.0,50.0,0.6
random,26,supplier_delay,15,10,19,10,9,0,45,120.0,90.0,10.0,0.0,27.0,0.0,-7.0,0.5263157894736842
random,27,supplier_delay,30,10,27,10,17,0,65,120.0,180.0,10.0,0.0,51.0,0.0,-121.0,0.37037037037037035
random,28,supplier_delay,30,15,23,15,8,0,80,180.0,180.0,10.0,0.0,24.0,0.0,-34.0,0.6521739130434783
random,29,supplier_delay,10,5,17,5,12,0,85,60.0,60.0,10.0,0.0,36.0,0.0,-46.0,0.29411764705882354
random,30,supplier_delay,0,15,24,15,9,0,70,180.0,0.0,0.0,0.0,27.0,0.0,153.0,0.625
random,31,supplier_delay,5,30,20,20,0,10,45,240.0,30.0,10.0,3.5,0.0,0.0,196.5,1.0
random,32,supplier_delay,10,30,19,19,0,21,25,228.0,60.0,10.0,7.35,0.0,0.0,150.65,1.0
random,33,supplier_delay,15,10,17,17,0,14,30,204.0,90.0,10.0,4.8999999999999995,0.0,0.0,99.1,1.0
random,34,supplier_delay,10,0,26,14,12,0,40,168.0,60.0,10.0,0.0,36.0,0.0,62.0,0.5384615384615384
random,35,supplier_delay,0,5,29,5,24,0,35,60.0,0.0,0.0,0.0,72.0,0.0,-12.0,0.1724137931034483
random,36,supplier_delay,15,10,18,10,8,0,40,120.0,90.0,10.0,0.0,24.0,0.0,-4.0,0.5555555555555556
random,37,supplier_delay,30,15,19,15,4,0,55,180.0,180.0,10.0,0.0,12.0,0.0,-22.0,0.7894736842105263
random,38,supplier_delay,5,25,17,17,0,8,35,204.0,30.0,10.0,2.8,0.0,0.0,161.2,1.0
random,39,supplier_delay,5,30,16,16,0,22,10,192.0,30.0,10.0,7.699999999999999,0.0,0.0,144.3,1.0
random,40,supplier_delay,0,5,20,20,0,7,5,240.0,0.0,0.0,2.4499999999999997,0.0,0.0,237.55,1.0
random,41,supplier_delay,15,5,22,12,10,0,15,144.0,90.0,10.0,0.0,30.0,0.0,14.0,0.5454545454545454
random,42,supplier_delay,20,0,25,0,25,0,35,0.0,120.0,10.0,0.0,75.0,0.0,-205.0,0.0
random,43,supplier_delay,30,15,18,15,3,0,50,180.0,180.0,10.0,0.0,9.0,0.0,-19.0,0.8333333333333334
random,44,supplier_delay,5,20,16,16,0,4,35,192.0,30.0,10.0,1.4,0.0,0.0,150.6,1.0
random,45,supplier_delay,30,30,18,18,0,16,35,216.0,180.0,10.0,5.6,0.0,0.0,20.4,1.0
random,46,supplier_delay,30,5,18,18,0,3,60,216.0,180.0,10.0,1.0499999999999998,0.0,0.0,24.95,1.0
random,47,supplier_delay,20,30,21,21,0,12,50,252.0,120.0,10.0,4.199999999999999,0.0,0.0,117.8,1.0
random,48,supplier_delay,5,30,30,30,0,12,25,360.0,30.0,10.0,4.199999999999999,0.0,0.0,315.8,1.0
random,49,supplier_delay,0,20,24,24,0,8,5,288.0,0.0,0.0,2.8,0.0,0.0,285.2,1.0
random,50,supplier_delay,5,5,18,13,5,0,5,156.0,30.0,10.0,0.0,15.0,0.0,101.0,0.7222222222222222
random,51,supplier_delay,10,0,18,0,18,0,15,0.0,60.0,10.0,0.0,54.0,0.0,-124.0,0.0
random,52,supplier_delay,30,5,19,5,14,0,40,60.0,180.0,10.0,0.0,42.0,0.0,-172.0,0.2631578947368421
random,53,supplier_delay,10,10,25,10,15,0,40,120.0,60.0,10.0,0.0,45.0,0.0,5.0,0.4
random,54,supplier_delay,10,30,19,19,0,11,20,228.0,60.0,10.0,3.8499999999999996,0.0,0.0,154.15,1.0
random,55,supplier_delay,20,10,26,21,5,0,30,252.0,120.0,10.0,0.0,15.0,0.0,107.0,0.8076923076923077
random,56,supplier_delay,15,10,22,10,12,0,35,120.0,90.0,10.0,0.0,36.0,0.0,-16.0,0.45454545454545453
random,57,supplier_delay,15,20,18,18,0,2,30,216.0,90.0,10.0,0.7,0.0,0.0,115.3,1.0
random,58,supplier_delay,20,15,30,17,13,0,35,204.0,120.0,10.0,0.0,39.0,0.0,35.0,0.5666666666666667
random,59,supplier_delay,15,15,17,15,2,0,35,180.0,90.0,10.0,0.0,6.0,0.0,74.0,0.8823529411764706
random,60,supplier_delay,10,20,17,17,0,3,25,204.0,60.0,10.0,1.0499999999999998,0.0,12.0,120.94999999999999,1.0
reorder_point,1,supplier_delay,30,0,18,18,0,7,30,216.0,180.0,10.0,2.4499999999999997,0.0,0.0,23.55,1.0
reorder_point,2,supplier_delay,0,0,17,7,10,0,30,84.0,0.0,0.0,0.0,30.0,0.0,54.0,0.4117647058823529
reorder_point,3,supplier_delay,30,30,17,17,0,13,30,204.0,180.0,10.0,4.55,0.0,0.0,9.45,1.0
reorder_point,4,supplier_delay,0,0,9,9,0,4,30,108.0,0.0,0.0,1.4,0.0,0.0,106.6,1.0
reorder_point,5,supplier_delay,30,30,18,18,0,16,30,216.0,180.0,10.0,5.6,0.0,0.0,20.4,1.0
reorder_point,6,supplier_delay,0,0,30,16,14,0,30,192.0,0.0,0.0,0.0,42.0,0.0,150.0,0.5333333333333333
reorder_point,7,supplier_delay,30,30,23,23,0,7,30,276.0,180.0,10.0,2.4499999999999997,0.0,0.0,83.55,1.0
reorder_point,8,supplier_delay,0,0,28,7,21,0,30,84.0,0.0,0.0,0.0,63.0,0.0,21.0,0.25
reorder_point,9,supplier_delay,30,30,15,15,0,15,30,180.0,180.0,10.0,5.25,0.0,0.0,-15.25,1.0
reorder_point,10,supplier_delay,0,0,16,15,1,0,30,180.0,0.0,0.0,0.0,3.0,0.0,177.0,0.9375
reorder_point,11,supplier_delay,30,30,21,21,0,9,30,252.0,180.0,10.0,3.15,0.0,0.0,58.85,1.0
reorder_point,12,supplier_delay,0,0,13,9,4,0,30,108.0,0.0,0.0,0.0,12.0,0.0,96.0,0.6923076923076923
reorder_point,13,supplier_delay,30,30,31,30,1,0,30,360.0,180.0,10.0,0.0,3.0,0.0,167.0,0.967741935483871
reorder_point,14,supplier_delay,30,0,32,0,32,0,60,0.0,180.0,10.0,0.0,96.0,0.0,-286.0,0.0
reorder_point,15,supplier_delay,0,30,16,16,0,14,30,192.0,0.0,0.0,4.8999999999999995,0.0,0.0,187.1,1.0
reorder_point,16,supplier_delay,0,30,17,17,0,27,0,204.0,0.0,0.0,9.45,0.0,0.0,194.55,1.0
reorder_point,17,supplier_delay,30,0,12,12,0,15,30,144.0,180.0,10.0,5.25,0.0,0.0,-51.25,1.0
reorder_point,18,supplier_delay,0,0,19,15,4,0,30,180.0,0.0,0.0,0.0,12.0,0.0,168.0,0.7894736842105263
reorder_point,19,supplier_delay,30,0,15,0,15,0,60,0.0,180.0,10.0,0.0,45.0,0.0,-235.0,0.0
reorder_point,20,supplier_delay,0,0,29,0,29,0,60,0.0,0.0,0.0,0.0,87.0,0.0,-87.0,0.0
reorder_point,21,supplier_delay,0,30,17,17,0,13,30,204.0,0.0,0.0,4.55,0.0,0.0,199.45,1.0
reorder_point,22,supplier_delay,0,0,23,13,10,0,30,156.0,0.0,0.0,0.0,30.0,0.0,126.0,0.5652173913043478
reorder_point,23,supplier_delay,30,30,26,26,0,4,30,312.0,180.0,10.0,1.4,0.0,0.0,120.6,1.0
reorder_point,24,supplier_delay,30,0,11,4,7,0,60,48.0,180.0,10.0,0.0,21.0,0.0,-163.0,0.36363636363636365
reorder_point,25,supplier_delay,0,0,15,0,15,0,60,0.0,0.0,0.0,0.0,45.0,0.0,-45.0,0.0
reorder_point,26,supplier_delay,0,0,19,0,19,0,60,0.0,0.0,0.0,0.0,57.0,0.0,-57.0,0.0
reorder_point,27,supplier_delay,0,30,27,27,0,3,30,324.0,0.0,0.0,1.0499999999999998,0.0,0.0,322.95,1.0
reorder_point,28,supplier_delay,30,30,23,23,0,10,30,276.0,180.0,10.0,3.5,0.0,0.0,82.5,1.0
reorder_point,29,supplier_delay,0,0,17,10,7,0,30,120.0,0.0,0.0,0.0,21.0,0.0,99.0,0.5882352941176471
reorder_point,30,supplier_delay,30,0,24,0,24,0,60,0.0,180.0,10.0,0.0,72.0,0.0,-262.0,0.0
reorder_point,31,supplier_delay,0,0,20,0,20,0,60,0.0,0.0,0.0,0.0,60.0,0.0,-60.0,0.0
reorder_point,32,supplier_delay,0,30,19,19,0,11,30,228.0,0.0,0.0,3.8499999999999996,0.0,0.0,224.15,1.0
reorder_point,33,supplier_delay,0,0,17,11,6,0,30,132.0,0.0,0.0,0.0,18.0,0.0,114.0,0.6470588235294118
reorder_point,34,supplier_delay,30,30,26,26,0,4,30,312.0,180.0,10.0,1.4,0.0,0.0,120.6,1.0
reorder_point,35,supplier_delay,30,0,29,4,25,0,60,48.0,180.0,10.0,0.0,75.0,0.0,-217.0,0.13793103448275862
reorder_point,36,supplier_delay,0,0,18,0,18,0,60,0.0,0.0,0.0,0.0,54.0,0.0,-54.0,0.0
reorder_point,37,supplier_delay,0,0,19,0,19,0,60,0.0,0.0,0.0,0.0,57.0,0.0,-57.0,0.0
reorder_point,38,supplier_delay,0,30,17,17,0,13,30,204.0,0.0,0.0,4.55,0.0,0.0,199.45,1.0
reorder_point,39,supplier_delay,0,30,16,16,0,27,0,192.0,0.0,0.0,9.45,0.0,0.0,182.55,1.0
reorder_point,40,supplier_delay,30,0,20,20,0,7,30,240.0,180.0,10.0,2.4499999999999997,0.0,0.0,47.55,1.0
reorder_point,41,supplier_delay,0,0,22,7,15,0,30,84.0,0.0,0.0,0.0,45.0,0.0,39.0,0.3181818181818182
reorder_point,42,supplier_delay,30,30,25,25,0,5,30,300.0,180.0,10.0,1.75,0.0,0.0,108.25,1.0
reorder_point,43,supplier_delay,0,0,18,5,13,0,30,60.0,0.0,0.0,0.0,39.0,0.0,21.0,0.2777777777777778
reorder_point,44,supplier_delay,30,30,16,16,0,14,30,192.0,180.0,10.0,4.8999999999999995,0.0,0.0,-2.8999999999999995,1.0
reorder_point,45,supplier_delay,0,0,18,14,4,0,30,168.0,0.0,0.0,0.0,12.0,0.0,156.0,0.7777777777777778
reorder_point,46,supplier_delay,30,30,18,18,0,12,30,216.0,180.0,10.0,4.199999999999999,0.0,0.0,21.8,1.0
reorder_point,47,supplier_delay,0,0,21,12,9,0,30,144.0,0.0,0.0,0.0,27.0,0.0,117.0,0.5714285714285714
reorder_point,48,supplier_delay,30,30,30,30,0,0,30,360.0,180.0,10.0,0.0,0.0,0.0,170.0,1.0
reorder_point,49,supplier_delay,30,0,24,0,24,0,60,0.0,180.0,10.0,0.0,72.0,0.0,-262.0,0.0
reorder_point,50,supplier_delay,0,30,18,18,0,12,30,216.0,0.0,0.0,4.199999999999999,0.0,0.0,211.8,1.0
reorder_point,51,supplier_delay,0,30,18,18,0,24,0,216.0,0.0,0.0,8.399999999999999,0.0,0.0,207.6,1.0
reorder_point,52,supplier_delay,30,0,19,19,0,5,30,228.0,180.0,10.0,1.75,0.0,0.0,36.25,1.0
reorder_point,53,supplier_delay,0,0,25,5,20,0,30,60.0,0.0,0.0,0.0,60.0,0.0,0.0,0.2
reorder_point,54,supplier_delay,30,30,19,19,0,11,30,228.0,180.0,10.0,3.8499999999999996,0.0,0.0,34.15,1.0
reorder_point,55,supplier_delay,0,0,26,11,15,0,30,132.0,0.0,0.0,0.0,45.0,0.0,87.0,0.4230769230769231
reorder_point,56,supplier_delay,30,30,22,22,0,8,30,264.0,180.0,10.0,2.8,0.0,0.0,71.2,1.0
reorder_point,57,supplier_delay,0,0,18,8,10,0,30,96.0,0.0,0.0,0.0,30.0,0.0,66.0,0.4444444444444444
reorder_point,58,supplier_delay,30,30,30,30,0,0,30,360.0,180.0,10.0,0.0,0.0,0.0,170.0,1.0
reorder_point,59,supplier_delay,30,0,17,0,17,0,60,0.0,180.0,10.0,0.0,51.0,0.0,-241.0,0.0
reorder_point,60,supplier_delay,0,30,17,17,0,13,30,204.0,0.0,0.0,4.55,0.0,52.0,147.45,1.0
q_learning,1,supplier_delay,5,0,18,18,0,7,5,216.0,30.0,10.0,2.4499999999999997,0.0,0.0,173.55,1.0
q_learning,2,supplier_delay,15,0,17,7,10,0,20,84.0,90.0,10.0,0.0,30.0,0.0,-46.0,0.4117647058823529
q_learning,3,supplier_delay,15,5,17,5,12,0,30,60.0,90.0,10.0,0.0,36.0,0.0,-76.0,0.29411764705882354
q_learning,4,supplier_delay,15,15,9,9,0,6,30,108.0,90.0,10.0,2.0999999999999996,0.0,0.0,5.9,1.0
q_learning,5,supplier_delay,15,15,18,18,0,3,30,216.0,90.0,10.0,1.0499999999999998,0.0,0.0,114.95,1.0
q_learning,6,supplier_delay,20,15,30,18,12,0,35,216.0,120.0,10.0,0.0,36.0,0.0,50.0,0.6
q_learning,7,supplier_delay,20,15,23,15,8,0,40,180.0,120.0,10.0,0.0,24.0,0.0,26.0,0.6521739130434783
q_learning,8,supplier_delay,15,20,28,20,8,0,35,240.0,90.0,10.0,0.0,24.0,0.0,116.0,0.7142857142857143
q_learning,9,supplier_delay,15,20,15,15,0,5,30,180.0,90.0,10.0,1.75,0.0,0.0,78.25,1.0
q_learning,10,supplier_delay,15,15,16,16,0,4,30,192.0,90.0,10.0,1.4,0.0,0.0,90.6,1.0
q_learning,11,supplier_delay,15,15,21,19,2,0,30,228.0,90.0,10.0,0.0,6.0,0.0,122.0,0.9047619047619048
q_learning,12,supplier_delay,15,15,13,13,0,2,30,156.0,90.0,10.0,0.7,0.0,0.0,55.3,1.0
q_learning,13,supplier_delay,20,15,31,17,14,0,35,204.0,120.0,10.0,0.0,42.0,0.0,32.0,0.5483870967741935
q_learning,14,supplier_delay,20,15,32,15,17,0,40,180.0,120.0,10.0,0.0,51.0,0.0,-1.0,0.46875
q_learning,15,supplier_delay,15,20,16,16,0,4,35,192.0,90.0,10.0,1.4,0.0,0.0,90.6,1.0
q_learning,16,supplier_delay,15,20,17,17,0,7,30,204.0,90.0,10.0,2.4499999999999997,0.0,0.0,101.55,1.0
q_learning,17,supplier_delay,15,15,12,12,0,10,30,144.0,90.0,10.0,3.5,0.0,0.0,40.5,1.0
q_learning,18,supplier_delay,15,0,19,10,9,0,45,120.0,90.0,10.0,0.0,27.0,0.0,-7.0,0.5263157894736842
q_learning,19,supplier_delay,15,0,15,0,15,0,60,0.0,90.0,10.0,0.0,45.0,0.0,-145.0,0.0
q_learning,20,supplier_delay,10,15,29,15,14,0,55,180.0,60.0,10.0,0.0,42.0,0.0,68.0,0.5172413793103449
q_learning,21,supplier_delay,0,15,17,15,2,0,40,180.0,0.0,0.0,0.0,6.0,0.0,174.0,0.8823529411764706
q_learning,22,supplier_delay,20,15,23,15,8,0,45,180.0,120.0,10.0,0.0,24.0,0.0,26.0,0.6521739130434783
q_learning,23,supplier_delay,0,15,26,15,11,0,30,180.0,0.0,0.0,0.0,33.0,0.0,147.0,0.5769230769230769
q_learning,24,supplier_delay,20,10,11,10,1,0,40,120.0,120.0,10.0,0.0,3.0,0.0,-13.0,0.9090909090909091
q_learning,25,supplier_delay,20,0,15,0,15,0,60,0.0,120.0,10.0,0.0,45.0,0.0,-175.0,0.0
q_learning,26,supplier_delay,5,20,19,19,0,1,45,228.0,30.0,10.0,0.35,0.0,0.0,187.65,1.0
q_learning,27,supplier_delay,30,0,27,1,26,0,75,12.0,180.0,10.0,0.0,78.0,0.0,-256.0,0.037037037037037035
q_learning,28,supplier_delay,0,20,23,20,3,0,55,240.0,0.0,0.0,0.0,9.0,0.0,231.0,0.8695652173913043
q_learning,29,supplier_delay,0,20,17,17,0,3,35,204.0,0.0,0.0,1.0499999999999998,0.0,0.0,202.95,1.0
q_learning,30,supplier_delay,0,5,24,8,16,0,30,96.0,0.0,0.0,0.0,48.0,0.0,48.0,0.3333333333333333
q_learning,31,supplier_delay,20,30,20,20,0,10,20,240.0,120.0,10.0,3.5,0.0,0.0,106.5,1.0
q_learning,32,supplier_delay,30,0,19,10,9,0,50,120.0,180.0,10.0,0.0,27.0,0.0,-97.0,0.5263157894736842
q_learning,33,supplier_delay,5,0,17,0,17,0,55,0.0,30.0,10.0,0.0,51.0,0.0,-91.0,0.0
q_learning,34,supplier_delay,0,0,26,0,26,0,55,0.0,0.0,0.0,0.0,78.0,0.0,-78.0,0.0
q_learning,35,supplier_delay,0,20,29,20,9,0,35,240.0,0.0,0.0,0.0,27.0,0.0,213.0,0.6896551724137931
q_learning,36,supplier_delay,0,30,18,18,0,12,5,216.0,0.0,0.0,4.199999999999999,0.0,0.0,211.8,1.0
q_learning,37,supplier_delay,10,5,19,17,2,0,10,204.0,60.0,10.0,0.0,6.0,0.0,128.0,0.8947368421052632
q_learning,38,supplier_delay,30,0,17,0,17,0,40,0.0,180.0,10.0,0.0,51.0,0.0,-241.0,0.0
q_learning,39,supplier_delay,20,10,16,10,6,0,50,120.0,120.0,10.0,0.0,18.0,0.0,-28.0,0.625
q_learning,40,supplier_delay,5,30,20,20,0,10,25,240.0,30.0,10.0,3.5,0.0,0.0,196.5,1.0
q_learning,41,supplier_delay,20,20,22,22,0,8,25,264.0,120.0,10.0,2.8,0.0,0.0,131.2,1.0
q_learning,42,supplier_delay,20,5,25,13,12,0,40,156.0,120.0,10.0,0.0,36.0,0.0,-10.0,0.52
q_learning,43,supplier_delay,15,20,18,18,0,2,35,216.0,90.0,10.0,0.7,0.0,0.0,115.3,1.0
q_learning,44,supplier_delay,30,20,16,16,0,6,45,192.0,180.0,10.0,2.0999999999999996,0.0,0.0,-0.09999999999999964,1.0
q_learning,45,supplier_delay,30,15,18,18,0,3,60,216.0,180.0,10.0,1.0499999999999998,0.0,0.0,24.95,1.0
q_learning,46,supplier_delay,0,30,18,18,0,15,30,216.0,0.0,0.0,5.25,0.0,0.0,210.75,1.0
q_learning,47,supplier_delay,0,30,21,21,0,24,0,252.0,0.0,0.0,8.399999999999999,0.0,0.0,243.6,1.0
q_learning,48,supplier_delay,20,0,30,24,6,0,20,288.0,120.0,10.0,0.0,18.0,0.0,140.0,0.8
q_learning,49,supplier_delay,20,0,24,0,24,0,40,0.0,120.0,10.0,0.0,72.0,0.0,-202.0,0.0
q_learning,50,supplier_delay,15,20,18,18,0,2,35,216.0,90.0,10.0,0.7,0.0,0.0,115.3,1.0
q_learning,51,supplier_delay,15,20,18,18,0,4,30,216.0,90.0,10.0,1.4,0.0,0.0,114.6,1.0
q_learning,52,supplier_delay,30,15,19,19,0,0,45,228.0,180.0,10.0,0.0,0.0,0.0,38.0,1.0
q_learning,53,supplier_delay,30,15,25,15,10,0,60,180.0,180.0,10.0,0.0,30.0,0.0,-40.0,0.6
q_learning,54,supplier_delay,0,30,19,19,0,11,30,228.0,0.0,0.0,3.8499999999999996,0.0,0.0,224.15,1.0
q_learning,55,supplier_delay,15,30,26,26,0,15,15,312.0,90.0,10.0,5.25,0.0,0.0,206.75,1.0
q_learning,56,supplier_delay,0,0,22,15,7,0,15,180.0,0.0,0.0,0.0,21.0,0.0,159.0,0.6818181818181818
q_learning,57,supplier_delay,20,15,18,15,3,0,20,180.0,120.0,10.0,0.0,9.0,0.0,41.0,0.8333333333333334
q_learning,58,supplier_delay,20,0,30,0,30,0,40,0.0,120.0,10.0,0.0,90.0,0.0,-220.0,0.0
q_learning,59,supplier_delay,15,20,17,17,0,3,35,204.0,90.0,10.0,1.0499999999999998,0.0,0.0,102.95,1.0
q_learning,60,supplier_delay,30,20,17,17,0,6,45,204.0,180.0,10.0,2.0999999999999996,0.0,24.0,-12.1,1.0
random,1,end_season_pressure,15,0,12,12,0,13,15,144.0,90.0,10.0,4.55,0.0,0.0,39.45,1.0
random,2,end_season_pressure,20,0,16,13,3,0,35,156.0,120.0,10.0,0.0,9.0,0.0,17.0,0.8125
random,3,end_season_pressure,10,15,22,15,7,0,30,180.0,60.0,10.0,0.0,21.0,0.0,89.0,0.6818181818181818
random,4,end_season_pressure,20,20,19,19,0,1,30,228.0,120.0,10.0,0.35,0.0,0.0,97.65,1.0
random,5,end_season_pressure,10,10,26,11,15,0,30,132.0,60.0,10.0,0.0,45.0,0.0,17.0,0.4230769230769231
random,6,end_season_pressure,30,20,24,20,4,0,40,240.0,180.0,10.0,0.0,12.0,0.0,38.0,0.8333333333333334
random,7,end_season_pressure,10,10,21,10,11,0,40,120.0,60.0,10.0,0.0,33.0,0.0,17.0,0.47619047619047616
random,8,end_season_pressure,0,30,21,21,0,9,10,252.0,0.0,0.0,3.15,0.0,0.0,248.85,1.0
random,9,end_season_pressure,0,10,22,19,3,0,0,228.0,0.0,0.0,0.0,9.0,0.0,219.0,0.8636363636363636
random,10,end_season_pressure,0,0,18,0,18,0,0,0.0,0.0,0.0,0.0,54.0,0.0,-54.0,0.0
random,11,end_season_pressure,20,0,24,0,24,0,20,0.0,120.0,10.0,0.0,72.0,0.0,-202.0,0.0
random,12,end_season_pressure,20,0,21,0,21,0,40,0.0,120.0,10.0,0.0,63.0,0.0,-193.0,0.0
random,13,end_season_pressure,20,20,32,20,12,0,40,240.0,120.0,10.0,0.0,36.0,0.0,74.0,0.625
random,14,end_season_pressure,20,20,29,20,9,0,40,240.0,120.0,10.0,0.0,27.0,0.0,83.0,0.6896551724137931
random,15,end_season_pressure,0,20,9,9,0,11,20,108.0,0.0,0.0,3.8499999999999996,0.0,0.0,104.15,1.0
random,16,end_season_pressure,15,20,15,15,0,16,15,180.0,90.0,10.0,5.6,0.0,0.0,74.4,1.0
random,17,end_season_pressure,30,0,16,16,0,0,45,192.0,180.0,10.0,0.0,0.0,0.0,2.0,1.0
random,18,end_season_pressure,15,15,15,15,0,0,45,180.0,90.0,10.0,0.0,0.0,0.0,80.0,1.0
random,19,end_season_pressure,0,30,12,12,0,18,15,144.0,0.0,0.0,6.3,0.0,0.0,137.7,1.0
random,20,end_season_pressure,15,15,22,22,0,11,15,264.0,90.0,10.0,3.8499999999999996,0.0,0.0,160.15,1.0
random,21,end_season_pressure,0,0,30,11,19,0,15,132.0,0.0,0.0,0.0,57.0,0.0,75.0,0.36666666666666664
random,22,end_season_pressure,20,15,15,15,0,0,20,180.0,120.0,10.0,0.0,0.0,0.0,50.0,1.0
random,23,end_season_pressure,30,0,11,0,11,0,50,0.0,180.0,10.0,0.0,33.0,0.0,-223.0,0.0
random,24,end_season_pressure,15,20,16,16,0,4,45,192.0,90.0,10.0,1.4,0.0,0.0,90.6,1.0
random,25,end_season_pressure,5,30,16,16,0,18,20,192.0,30.0,10.0,6.3,0.0,0.0,145.7,1.0
random,26,end_season_pressure,30,15,19,19,0,14,35,228.0,180.0,10.0,4.8999999999999995,0.0,0.0,33.1,1.0
random,27,end_season_pressure,15,5,25,19,6,0,45,228.0,90.0,10.0,0.0,18.0,0.0,110.0,0.76
random,28,end_season_pressure,20,30,20,20,0,10,35,240.0,120.0,10.0,3.5,0.0,0.0,106.5,1.0
random,29,end_season_pressure,0,15,21,21,0,4,20,252.0,0.0,0.0,1.4,0.0,0.0,250.6,1.0
random,30,end_season_pressure,10,20,22,22,0,2,10,264.0,60.0,10.0,0.7,0.0,0.0,193.3,1.0
random,31,end_season_pressure,15,0,15,2,13,0,25,24.0,90.0,10.0,0.0,39.0,0.0,-115.0,0.13333333333333333
random,32,end_season_pressure,10,10,19,10,9,0,25,120.0,60.0,10.0,0.0,27.0,0.0,23.0,0.5263157894736842
random,33,end_season_pressure,0,15,21,15,6,0,10,180.0,0.0,0.0,0.0,18.0,0.0,162.0,0.7142857142857143
random,34,end_season_pressure,30,10,25,10,15,0,30,120.0,180.0,10.0,0.0,45.0,0.0,-115.0,0.4
random,35,end_season_pressure,5,0,28,0,28,0,35,0.0,30.0,10.0,0.0,84.0,0.0,-124.0,0.0
random,36,end_season_pressure,20,30,17,17,0,13,25,204.0,120.0,10.0,4.55,0.0,0.0,69.45,1.0
random,37,end_season_pressure,15,5,15,15,0,3,35,180.0,90.0,10.0,1.0499999999999998,0.0,0.0,78.95,1.0
random,38,end_season_pressure,0,20,17,17,0,6,15,204.0,0.0,0.0,2.0999999999999996,0.0,0.0,201.9,1.0
random,39,end_season_pressure,15,15,17,17,0,4,15,204.0,90.0,10.0,1.4,0.0,0.0,102.6,1.0
random,40,end_season_pressure,0,0,18,4,14,0,15,48.0,0.0,0.0,0.0,42.0,0.0,6.0,0.2222222222222222
random,41,end_season_pressure,0,15,28,15,13,0,0,180.0,0.0,0.0,0.0,39.0,0.0,141.0,0.5357142857142857
random,42,end_season_pressure,20,0,22,0,22,0,20,0.0,120.0,10.0,0.0,66.0,0.0,-196.0,0.0
random,43,end_season_pressure,5,0,10,0,10,0,25,0.0,30.0,10.0,0.0,30.0,0.0,-70.0,0.0
random,44,end_season_pressure,0,20,23,20,3,0,5,240.0,0.0,0.0,0.0,9.0,0.0,231.0,0.8695652173913043
random,45,end_season_pressure,15,5,24,5,19,0,15,60.0,90.0,10.0,0.0,57.0,0.0,-97.0,0.20833333333333334
random,46,end_season_pressure,30,0,22,0,22,0,45,0.0,180.0,10.0,0.0,66.0,0.0,-256.0,0.0
random,47,end_season_pressure,15,15,17,15,2,0,45,180.0,90.0,10.0,0.0,6.0,0.0,74.0,0.8823529411764706
random,48,end_season_pressure,10,30,30,30,0,0,25,360.0,60.0,10.0,0.0,0.0,0.0,290.0,1.0
random,49,end_season_pressure,5,15,26,15,11,0,15,180.0,30.0,10.0,0.0,33.0,0.0,107.0,0.5769230769230769
random,50,end_season_pressure,10,10,24,10,14,0,15,120.0,60.0,10.0,0.0,42.0,0.0,8.0,0.4166666666666667
random,51,end_season_pressure,0,5,12,5,7,0,10,60.0,0.0,0.0,0.0,21.0,0.0,39.0,0.4166666666666667
random,52,end_season_pressure,20,10,27,10,17,0,20,120.0,120.0,10.0,0.0,51.0,0.0,-61.0,0.37037037037037035
random,53,end_season_pressure,5,0,17,0,17,0,25,0.0,30.0,10.0,0.0,51.0,0.0,-91.0,0.0
random,54,end_season_pressure,30,20,23,20,3,0,35,240.0,180.0,10.0,0.0,9.0,0.0,41.0,0.8695652173913043
random,55,end_season_pressure,0,5,29,5,24,0,30,60.0,0.0,0.0,0.0,72.0,0.0,-12.0,0.1724137931034483
random,56,end_season_pressure,10,30,21,21,0,9,10,252.0,60.0,10.0,3.15,0.0,0.0,178.85,1.0
random,57,end_season_pressure,30,0,23,9,14,0,40,108.0,180.0,10.0,0.0,42.0,0.0,-124.0,0.391304347826087
random,58,end_season_pressure,10,10,18,10,8,0,40,120.0,60.0,10.0,0.0,24.0,0.0,26.0,0.5555555555555556
random,59,end_season_pressure,5,30,22,22,0,8,15,264.0,30.0,10.0,2.8,0.0,0.0,221.2,1.0
random,60,end_season_pressure,15,10,11,11,0,7,20,132.0,90.0,10.0,2.4499999999999997,0.0,49.0,-19.45,1.0
reorder_point,1,end_season_pressure,30,0,12,12,0,13,30,144.0,180.0,10.0,4.55,0.0,0.0,-50.55,1.0
reorder_point,2,end_season_pressure,0,0,16,13,3,0,30,156.0,0.0,0.0,0.0,9.0,0.0,147.0,0.8125
reorder_point,3,end_season_pressure,30,30,22,22,0,8,30,264.0,180.0,10.0,2.8,0.0,0.0,71.2,1.0
reorder_point,4,end_season_pressure,0,0,19,8,11,0,30,96.0,0.0,0.0,0.0,33.0,0.0,63.0,0.42105263157894735
reorder_point,5,end_season_pressure,30,30,26,26,0,4,30,312.0,180.0,10.0,1.4,0.0,0.0,120.6,1.0
reorder_point,6,end_season_pressure,30,0,24,4,20,0,60,48.0,180.0,10.0,0.0,60.0,0.0,-202.0,0.16666666666666666
reorder_point,7,end_season_pressure,0,30,21,21,0,9,30,252.0,0.0,0.0,3.15,0.0,0.0,248.85,1.0
reorder_point,8,end_season_pressure,0,30,21,21,0,18,0,252.0,0.0,0.0,6.3,0.0,0.0,245.7,1.0
reorder_point,9,end_season_pressure,30,0,22,18,4,0,30,216.0,180.0,10.0,0.0,12.0,0.0,14.0,0.8181818181818182
reorder_point,10,end_season_pressure,30,0,18,0,18,0,60,0.0,180.0,10.0,0.0,54.0,0.0,-244.0,0.0
reorder_point,11,end_season_pressure,0,30,24,24,0,6,30,288.0,0.0,0.0,2.0999999999999996,0.0,0.0,285.9,1.0
reorder_point,12,end_season_pressure,0,30,21,21,0,15,0,252.0,0.0,0.0,5.25,0.0,0.0,246.75,1.0
reorder_point,13,end_season_pressure,30,0,32,15,17,0,30,180.0,180.0,10.0,0.0,51.0,0.0,-61.0,0.46875
reorder_point,14,end_season_pressure,30,0,29,0,29,0,60,0.0,180.0,10.0,0.0,87.0,0.0,-277.0,0.0
reorder_point,15,end_season_pressure,0,30,9,9,0,21,30,108.0,0.0,0.0,7.35,0.0,0.0,100.65,1.0
reorder_point,16,end_season_pressure,0,30,15,15,0,36,0,180.0,0.0,0.0,12.6,0.0,0.0,167.4,1.0
reorder_point,17,end_season_pressure,0,0,16,16,0,20,0,192.0,0.0,0.0,7.0,0.0,0.0,185.0,1.0
reorder_point,18,end_season_pressure,30,0,15,15,0,5,30,180.0,180.0,10.0,1.75,0.0,0.0,-11.75,1.0
reorder_point,19,end_season_pressure,0,0,12,5,7,0,30,60.0,0.0,0.0,0.0,21.0,0.0,39.0,0.4166666666666667
reorder_point,20,end_season_pressure,30,30,22,22,0,8,30,264.0,180.0,10.0,2.8,0.0,0.0,71.2,1.0
reorder_point,21,end_season_pressure,0,0,30,8,22,0,30,96.0,0.0,0.0,0.0,66.0,0.0,30.0,0.26666666666666666
reorder_point,22,end_season_pressure,30,30,15,15,0,15,30,180.0,180.0,10.0,5.25,0.0,0.0,-15.25,1.0
reorder_point,23,end_season_pressure,0,0,11,11,0,4,30,132.0,0.0,0.0,1.4,0.0,0.0,130.6,1.0
reorder_point,24,end_season_pressure,30,30,16,16,0,18,30,192.0,180.0,10.0,6.3,0.0,0.0,-4.3,1.0
reorder_point,25,end_season_pressure,0,0,16,16,0,2,30,192.0,0.0,0.0,0.7,0.0,0.0,191.3,1.0
reorder_point,26,end_season_pressure,30,30,19,19,0,13,30,228.0,180.0,10.0,4.55,0.0,0.0,33.45,1.0
reorder_point,27,end_season_pressure,0,0,25,13,12,0,30,156.0,0.0,0.0,0.0,36.0,0.0,120.0,0.52
reorder_point,28,end_season_pressure,30,30,20,20,0,10,30,240.0,180.0,10.0,3.5,0.0,0.0,46.5,1.0
reorder_point,29,end_season_pressure,0,0,21,10,11,0,30,120.0,0.0,0.0,0.0,33.0,0.0,87.0,0.47619047619047616
reorder_point,30,end_season_pressure,30,30,22,22,0,8,30,264.0,180.0,10.0,2.8,0.0,0.0,71.2,1.0
reorder_point,31,end_season_pressure,0,0,15,8,7,0,30,96.0,0.0,0.0,0.0,21.0,0.0,75.0,0.5333333333333333
reorder_point,32,end_season_pressure,30,30,19,19,0,11,30,228.0,180.0,10.0,3.8499999999999996,0.0,0.0,34.15,1.0
reorder_point,33,end_season_pressure,0,0,21,11,10,0,30,132.0,0.0,0.0,0.0,30.0,0.0,102.0,0.5238095238095238
reorder_point,34,end_season_pressure,30,30,25,25,0,5,30,300.0,180.0,10.0,1.75,0.0,0.0,108.25,1.0
reorder_point,35,end_season_pressure,0,0,28,5,23,0,30,60.0,0.0,0.0,0.0,69.0,0.0,-9.0,0.17857142857142858
reorder_point,36,end_season_pressure,30,30,17,17,0,13,30,204.0,180.0,10.0,4.55,0.0,0.0,9.45,1.0
reorder_point,37,end_season_pressure,0,0,15,13,2,0,30,156.0,0.0,0.0,0.0,6.0,0.0,150.0,0.8666666666666667
reorder_point,38,end_season_pressure,30,30,17,17,0,13,30,204.0,180.0,10.0,4.55,0.0,0.0,9.45,1.0
reorder_point,39,end_season_pressure,0,0,17,13,4,0,30,156.0,0.0,0.0,0.0,12.0,0.0,144.0,0.7647058823529411
reorder_point,40,end_season_pressure,30,30,18,18,0,12,30,216.0,180.0,10.0,4.199999999999999,0.0,0.0,21.8,1.0
reorder_point,41,end_season_pressure,0,0,28,12,16,0,30,144.0,0.0,0.0,0.0,48.0,0.0,96.0,0.42857142857142855
reorder_point,42,end_season_pressure,30,30,22,22,0,8,30,264.0,180.0,10.0,2.8,0.0,0.0,71.2,1.0
reorder_point,43,end_season_pressure,0,0,10,8,2,0,30,96.0,0.0,0.0,0.0,6.0,0.0,90.0,0.8
reorder_point,44,end_season_pressure,30,30,23,23,0,7,30,276.0,180.0,10.0,2.4499999999999997,0.0,0.0,83.55,1.0
reorder_point,45,end_season_pressure,0,0,24,7,17,0,30,84.0,0.0,0.0,0.0,51.0,0.0,33.0,0.2916666666666667
reorder_point,46,end_season_pressure,30,30,22,22,0,8,30,264.0,180.0,10.0,2.8,0.0,0.0,71.2,1.0
reorder_point,47,end_season_pressure,0,0,17,8,9,0,30,96.0,0.0,0.0,0.0,27.0,0.0,69.0,0.47058823529411764
reorder_point,48,end_season_pressure,30,30,30,30,0,0,30,360.0,180.0,10.0,0.0,0.0,0.0,170.0,1.0
reorder_point,49,end_season_pressure,30,0,26,0,26,0,60,0.0,180.0,10.0,0.0,78.0,0.0,-268.0,0.0
reorder_point,50,end_season_pressure,0,30,24,24,0,6,30,288.0,0.0,0.0,2.0999999999999996,0.0,0.0,285.9,1.0
reorder_point,51,end_season_pressure,0,30,12,12,0,24,0,144.0,0.0,0.0,8.399999999999999,0.0,0.0,135.6,1.0
reorder_point,52,end_season_pressure,30,0,27,24,3,0,30,288.0,180.0,10.0,0.0,9.0,0.0,89.0,0.8888888888888888
reorder_point,53,end_season_pressure,30,0,17,0,17,0,60,0.0,180.0,10.0,0.0,51.0,0.0,-241.0,0.0
reorder_point,54,end_season_pressure,0,30,23,23,0,7,30,276.0,0.0,0.0,2.4499999999999997,0.0,0.0,273.55,1.0
reorder_point,55,end_season_pressure,0,30,29,29,0,8,0,348.0,0.0,0.0,2.8,0.0,0.0,345.2,1.0
reorder_point,56,end_season_pressure,30,0,21,8,13,0,30,96.0,180.0,10.0,0.0,39.0,0.0,-133.0,0.38095238095238093
reorder_point,57,end_season_pressure,30,0,23,0,23,0,60,0.0,180.0,10.0,0.0,69.0,0.0,-259.0,0.0
reorder_point,58,end_season_pressure,0,30,18,18,0,12,30,216.0,0.0,0.0,4.199999999999999,0.0,0.0,211.8,1.0
reorder_point,59,end_season_pressure,0,30,22,22,0,20,0,264.0,0.0,0.0,7.0,0.0,0.0,257.0,1.0
reorder_point,60,end_season_pressure,30,0,11,11,0,9,30,132.0,180.0,10.0,3.15,0.0,63.0,-124.15,1.0
q_learning,1,end_season_pressure,5,0,12,12,0,13,5,144.0,30.0,10.0,4.55,0.0,0.0,99.45,1.0
q_learning,2,end_season_pressure,10,0,16,13,3,0,15,156.0,60.0,10.0,0.0,9.0,0.0,77.0,0.8125
q_learning,3,end_season_pressure,15,5,22,5,17,0,25,60.0,90.0,10.0,0.0,51.0,0.0,-91.0,0.22727272727272727
q_learning,4,end_season_pressure,15,10,19,10,9,0,30,120.0,90.0,10.0,0.0,27.0,0.0,-7.0,0.5263157894736842
q_learning,5,end_season_pressure,15,15,26,15,11,0,30,180.0,90.0,10.0,0.0,33.0,0.0,47.0,0.5769230769230769
q_learning,6,end_season_pressure,15,15,24,15,9,0,30,180.0,90.0,10.0,0.0,27.0,0.0,53.0,0.625
q_learning,7,end_season_pressure,15,15,21,15,6,0,30,180.0,90.0,10.0,0.0,18.0,0.0,62.0,0.7142857142857143
q_learning,8,end_season_pressure,15,15,21,15,6,0,30,180.0,90.0,10.0,0.0,18.0,0.0,62.0,0.7142857142857143
q_learning,9,end_season_pressure,15,15,22,15,7,0,30,180.0,90.0,10.0,0.0,21.0,0.0,59.0,0.6818181818181818
q_learning,10,end_season_pressure,15,15,18,15,3,0,30,180.0,90.0,10.0,0.0,9.0,0.0,71.0,0.8333333333333334
q_learning,11,end_season_pressure,15,15,24,15,9,0,30,180.0,90.0,10.0,0.0,27.0,0.0,53.0,0.625
q_learning,12,end_season_pressure,15,15,21,15,6,0,30,180.0,90.0,10.0,0.0,18.0,0.0,62.0,0.7142857142857143
q_learning,13,end_season_pressure,20,15,32,15,17,0,35,180.0,120.0,10.0,0.0,51.0,0.0,-1.0,0.46875
q_learning,14,end_season_pressure,15,15,29,15,14,0,35,180.0,90.0,10.0,0.0,42.0,0.0,38.0,0.5172413793103449
q_learning,15,end_season_pressure,15,20,9,9,0,11,30,108.0,90.0,10.0,3.8499999999999996,0.0,0.0,4.15,1.0
q_learning,16,end_season_pressure,0,15,15,15,0,11,15,180.0,0.0,0.0,3.8499999999999996,0.0,0.0,176.15,1.0
q_learning,17,end_season_pressure,10,15,16,16,0,10,10,192.0,60.0,10.0,3.5,0.0,0.0,118.5,1.0
q_learning,18,end_season_pressure,15,0,15,10,5,0,25,120.0,90.0,10.0,0.0,15.0,0.0,5.0,0.6666666666666666
q_learning,19,end_season_pressure,15,10,12,10,2,0,30,120.0,90.0,10.0,0.0,6.0,0.0,14.0,0.8333333333333334
q_learning,20,end_season_pressure,20,15,22,15,7,0,35,180.0,120.0,10.0,0.0,21.0,0.0,29.0,0.6818181818181818
q_learning,21,end_season_pressure,30,15,30,15,15,0,50,180.0,180.0,10.0,0.0,45.0,0.0,-55.0,0.5
q_learning,22,end_season_pressure,5,20,15,15,0,5,35,180.0,30.0,10.0,1.75,0.0,0.0,138.25,1.0
q_learning,23,end_season_pressure,0,30,11,11,0,24,5,132.0,0.0,0.0,8.399999999999999,0.0,0.0,123.6,1.0
q_learning,24,end_season_pressure,0,5,16,16,0,13,0,192.0,0.0,0.0,4.55,0.0,0.0,187.45,1.0
q_learning,25,end_season_pressure,0,0,16,13,3,0,0,156.0,0.0,0.0,0.0,9.0,0.0,147.0,0.8125
q_learning,26,end_season_pressure,5,0,19,0,19,0,5,0.0,30.0,10.0,0.0,57.0,0.0,-97.0,0.0
q_learning,27,end_season_pressure,20,0,25,0,25,0,25,0.0,120.0,10.0,0.0,75.0,0.0,-205.0,0.0
q_learning,28,end_season_pressure,30,5,20,5,15,0,50,60.0,180.0,10.0,0.0,45.0,0.0,-175.0,0.25
q_learning,29,end_season_pressure,5,20,21,20,1,0,35,240.0,30.0,10.0,0.0,3.0,0.0,197.0,0.9523809523809523
q_learning,30,end_season_pressure,20,30,22,22,0,8,25,264.0,120.0,10.0,2.8,0.0,0.0,131.2,1.0
q_learning,31,end_season_pressure,20,5,15,13,2,0,40,156.0,120.0,10.0,0.0,6.0,0.0,20.0,0.8666666666666667
q_learning,32,end_season_pressure,20,20,19,19,0,1,40,228.0,120.0,10.0,0.35,0.0,0.0,97.65,1.0
q_learning,33,end_season_pressure,20,20,21,21,0,0,40,252.0,120.0,10.0,0.0,0.0,0.0,122.0,1.0
q_learning,34,end_season_pressure,30,20,25,20,5,0,50,240.0,180.0,10.0,0.0,15.0,0.0,35.0,0.8
q_learning,35,end_season_pressure,0,20,28,20,8,0,30,240.0,0.0,0.0,0.0,24.0,0.0,216.0,0.7142857142857143
q_learning,36,end_season_pressure,0,30,17,17,0,13,0,204.0,0.0,0.0,4.55,0.0,0.0,199.45,1.0
q_learning,37,end_season_pressure,10,0,15,13,2,0,10,156.0,60.0,10.0,0.0,6.0,0.0,80.0,0.8666666666666667
q_learning,38,end_season_pressure,30,0,17,0,17,0,40,0.0,180.0,10.0,0.0,51.0,0.0,-241.0,0.0
q_learning,39,end_season_pressure,20,10,17,10,7,0,50,120.0,120.0,10.0,0.0,21.0,0.0,-31.0,0.5882352941176471
q_learning,40,end_season_pressure,5,30,18,18,0,12,25,216.0,30.0,10.0,4.199999999999999,0.0,0.0,171.8,1.0
q_learning,41,end_season_pressure,15,20,28,28,0,4,20,336.0,90.0,10.0,1.4,0.0,0.0,234.6,1.0
q_learning,42,end_season_pressure,5,5,22,9,13,0,20,108.0,30.0,10.0,0.0,39.0,0.0,29.0,0.4090909090909091
q_learning,43,end_season_pressure,20,15,10,10,0,5,25,120.0,120.0,10.0,1.75,0.0,0.0,-11.75,1.0
q_learning,44,end_season_pressure,30,5,23,10,13,0,50,120.0,180.0,10.0,0.0,39.0,0.0,-109.0,0.43478260869565216
q_learning,45,end_season_pressure,0,20,24,20,4,0,30,240.0,0.0,0.0,0.0,12.0,0.0,228.0,0.8333333333333334
q_learning,46,end_season_pressure,30,30,22,22,0,8,30,264.0,180.0,10.0,2.8,0.0,0.0,71.2,1.0
q_learning,47,end_season_pressure,15,0,17,8,9,0,45,96.0,90.0,10.0,0.0,27.0,0.0,-31.0,0.47058823529411764
q_learning,48,end_season_pressure,20,30,30,30,0,0,35,360.0,120.0,10.0,0.0,0.0,0.0,230.0,1.0
q_learning,49,end_season_pressure,20,15,26,15,11,0,40,180.0,120.0,10.0,0.0,33.0,0.0,17.0,0.5769230769230769
q_learning,50,end_season_pressure,15,20,24,20,4,0,35,240.0,90.0,10.0,0.0,12.0,0.0,128.0,0.8333333333333334
q_learning,51,end_season_pressure,15,20,12,12,0,8,30,144.0,90.0,10.0,2.8,0.0,0.0,41.2,1.0
q_learning,52,end_season_pressure,30,15,27,23,4,0,45,276.0,180.0,10.0,0.0,12.0,0.0,74.0,0.8518518518518519
q_learning,53,end_season_pressure,30,15,17,15,2,0,60,180.0,180.0,10.0,0.0,6.0,0.0,-16.0,0.8823529411764706
q_learning,54,end_season_pressure,0,30,23,23,0,7,30,276.0,0.0,0.0,2.4499999999999997,0.0,0.0,273.55,1.0
q_learning,55,end_season_pressure,20,30,29,29,0,8,20,348.0,120.0,10.0,2.8,0.0,0.0,215.2,1.0
q_learning,56,end_season_pressure,20,0,21,8,13,0,40,96.0,120.0,10.0,0.0,39.0,0.0,-73.0,0.38095238095238093
q_learning,57,end_season_pressure,15,20,23,20,3,0,35,240.0,90.0,10.0,0.0,9.0,0.0,131.0,0.8695652173913043
q_learning,58,end_season_pressure,15,20,18,18,0,2,30,216.0,90.0,10.0,0.7,0.0,0.0,115.3,1.0
q_learning,59,end_season_pressure,30,15,22,17,5,0,45,204.0,180.0,10.0,0.0,15.0,0.0,-1.0,0.7727272727272727
q_learning,60,end_season_pressure,30,15,11,11,0,4,60,132.0,180.0,10.0,1.4,0.0,28.0,-87.4,1.0
