episode,reward,epsilon
1,2997.25,0.995
2,2486.3,0.990025
3,3094.5,0.985075
4,1764.5,0.98015
5,3068.1,0.975249
6,1610.8,0.970373
7,2451.0,0.965521
8,2847.05,0.960693
9,2473.95,0.95589
10,2433.95,0.95111
11,1500.65,0.946355
12,2230.6,0.941623
13,3561.1,0.936915
14,2218.05,0.93223
15,2059.8,0.927569
16,1539.2,0.922931
17,2611.3,0.918316
18,2054.3,0.913725
19,3247.4,0.909156
20,2176.8,0.90461
21,2529.05,0.900087
22,4544.5,0.895587
23,1841.65,0.891109
24,955.45,0.886654
25,3348.0,0.88222
26,1532.9,0.877809
27,2370.65,0.87342
28,1645.35,0.869053
29,3211.1,0.864708
30,3312.05,0.860384
31,1617.25,0.856082
32,2429.75,0.851802
33,1909.25,0.847543
34,2622.25,0.843305
35,2989.25,0.839089
36,1399.85,0.834893
37,1421.3,0.830719
38,2415.25,0.826565
39,3058.9,0.822432
40,1877.1,0.81832
41,1808.9,0.814229
42,2526.55,0.810157
43,1647.15,0.806107
44,2791.85,0.802076
45,2376.35,0.798066
46,2740.0,0.794075
47,1839.7,0.790105
48,2328.0,0.786154
49,1677.85,0.782224
50,1661.15,0.778313
51,1267.55,0.774421
52,2504.15,0.770549
53,1735.8,0.766696
54,2074.55,0.762863
55,1990.5,0.759048
56,1571.4,0.755253
57,2466.5,0.751477
58,1474.8,0.747719
59,1046.25,0.743981
60,1780.9,0.740261
61,1212.65,0.73656
62,1806.5,0.732877
63,1213.3,0.729212
64,698.2,0.725566
65,2622.1,0.721939
66,2219.65,0.718329
67,2060.8,0.714737
68,1872.1,0.711164
69,711.75,0.707608
70,2511.9,0.70407
71,2946.75,0.700549
72,2247.45,0.697047
73,1155.7,0.693561
74,1745.55,0.690094
75,1015.15,0.686643
76,1410.35,0.68321
77,1872.0,0.679794
78,1824.25,0.676395
79,2229.85,0.673013
80,1908.4,0.669648
81,2580.5,0.6663
82,3185.4,0.662968
83,2634.45,0.659653
84,1776.85,0.656355
85,1057.9,0.653073
86,1376.25,0.649808
87,1644.95,0.646559
88,2093.25,0.643326
89,2242.3,0.640109
90,1995.65,0.636909
91,1743.6,0.633724
92,2175.9,0.630556
93,1571.0,0.627403
94,2175.05,0.624266
95,3114.0,0.621145
96,865.35,0.618039
97,1729.6,0.614949
98,1950.85,0.611874
99,1925.65,0.608815
100,1607.25,0.60577
101,1608.65,0.602742
102,3479.15,0.599728
103,1580.15,0.596729
104,1087.75,0.593746
105,-203.85,0.590777
106,1330.45,0.587823
107,1109.75,0.584884
108,1352.5,0.581959
109,1655.1,0.57905
110,817.5,0.576154
111,1467.35,0.573274
112,2163.2,0.570407
113,2671.85,0.567555
114,1584.0,0.564717
115,1211.8,0.561894
116,2402.2,0.559084
117,1393.9,0.556289
118,1290.95,0.553508
119,2396.25,0.55074
120,2139.85,0.547986
121,2134.2,0.545246
122,1443.2,0.54252
123,1135.2,0.539808
124,1647.4,0.537108
125,840.65,0.534423
126,1167.3,0.531751
127,689.9,0.529092
128,1576.55,0.526447
129,2057.7,0.523814
130,2043.2,0.521195
131,1536.25,0.518589
132,1134.45,0.515996
133,1877.6,0.513416
134,1245.95,0.510849
135,2106.35,0.508295
136,2681.85,0.505754
137,2094.9,0.503225
138,2424.2,0.500709
139,1877.8,0.498205
140,2065.35,0.495714
141,2154.3,0.493236
142,1647.35,0.490769
143,1589.65,0.488316
144,1129.6,0.485874
145,1413.65,0.483445
146,1626.55,0.481027
147,1047.65,0.478622
148,1144.4,0.476229
149,2188.15,0.473848
150,2113.95,0.471479
151,786.6,0.469121
152,2623.85,0.466776
153,838.1,0.464442
154,996.3,0.46212
155,910.95,0.459809
156,809.7,0.45751
157,2367.45,0.455222
158,1485.5,0.452946
159,1101.35,0.450682
160,1889.7,0.448428
161,1729.0,0.446186
162,907.05,0.443955
163,1547.25,0.441735
164,1521.65,0.439527
165,1495.2,0.437329
166,1200.55,0.435142
167,1064.25,0.432967
168,1948.85,0.430802
169,1472.1,0.428648
170,1920.3,0.426505
171,1026.65,0.424372
172,1754.9,0.42225
173,1576.3,0.420139
174,1627.5,0.418038
175,608.9,0.415948
176,1594.1,0.413868
177,1421.8,0.411799
178,1063.85,0.40974
179,1408.85,0.407691
180,1381.9,0.405653
181,2224.7,0.403625
182,1899.65,0.401606
183,1961.1,0.399598
184,1126.95,0.3976
185,591.55,0.395612
186,1070.95,0.393634
187,1228.45,0.391666
188,1565.75,0.389708
189,1662.35,0.387759
190,1330.05,0.385821
191,3123.7,0.383891
192,1331.15,0.381972
193,2028.5,0.380062
194,1699.55,0.378162
195,1172.6,0.376271
196,1387.85,0.37439
197,1126.9,0.372518
198,1031.65,0.370655
199,471.75,0.368802
200,613.4,0.366958
201,1259.45,0.365123
202,1524.8,0.363297
203,1035.45,0.361481
204,1872.75,0.359674
205,556.25,0.357875
206,1690.35,0.356086
207,1520.25,0.354305
208,1384.3,0.352534
209,971.65,0.350771
210,2421.5,0.349017
211,553.2,0.347272
212,1729.2,0.345536
213,1621.35,0.343808
214,1402.35,0.342089
215,1695.45,0.340379
216,361.85,0.338677
217,1090.25,0.336983
218,1358.35,0.335298
219,1682.4,0.333622
220,1610.7,0.331954
221,1259.9,0.330294
222,1282.65,0.328643
223,684.25,0.326999
224,1028.75,0.325364
225,1321.35,0.323738
226,2224.9,0.322119
227,1311.15,0.320508
228,1725.65,0.318906
229,1232.75,0.317311
230,1746.95,0.315725
231,2130.95,0.314146
232,1968.35,0.312575
233,723.95,0.311012
234,1773.1,0.309457
235,1688.9,0.30791
236,991.9,0.306371
237,1301.3,0.304839
238,1684.95,0.303315
239,1514.05,0.301798
240,1179.25,0.300289
241,963.1,0.298788
242,1035.45,0.297294
243,1224.2,0.295807
244,1605.6,0.294328
245,1593.35,0.292856
246,1562.7,0.291392
247,1937.15,0.289935
248,1794.1,0.288486
249,2289.65,0.287043
250,1631.25,0.285608
251,877.75,0.28418
252,1532.15,0.282759
253,2000.85,0.281345
254,1147.35,0.279938
255,1080.8,0.278539
256,918.95,0.277146
257,1468.7,0.27576
258,1231.75,0.274382
259,2089.1,0.27301
260,1653.2,0.271645
261,2210.05,0.270286
262,1138.7,0.268935
263,2250.8,0.26759
264,2608.75,0.266252
265,1430.75,0.264921
266,1959.85,0.263596
267,1142.3,0.262278
268,1500.95,0.260967
269,1190.3,0.259662
270,1208.55,0.258364
271,2325.95,0.257072
272,1271.8,0.255787
273,1649.8,0.254508
274,2285.35,0.253235
275,1478.75,0.251969
276,1609.0,0.250709
277,1525.05,0.249456
278,1541.75,0.248208
279,1012.65,0.246967
280,1404.1,0.245733
281,1262.55,0.244504
282,1517.9,0.243281
283,812.3,0.242065
284,1755.3,0.240855
285,1158.8,0.23965
286,1332.3,0.238452
287,2088.95,0.23726
288,1742.25,0.236074
289,1891.85,0.234893
290,1459.25,0.233719
291,1212.45,0.23255
292,1489.45,0.231387
293,331.85,0.23023
294,678.6,0.229079
295,1058.2,0.227934
296,342.25,0.226794
297,1275.35,0.22566
298,1900.6,0.224532
299,1248.15,0.223409
300,1638.45,0.222292
301,1944.15,0.221181
302,2101.65,0.220075
303,2515.85,0.218974
304,1206.35,0.21788
305,2297.35,0.21679
306,2294.95,0.215706
307,1815.15,0.214628
308,1791.2,0.213555
309,1510.45,0.212487
310,2194.0,0.211424
311,2393.85,0.210367
312,1804.45,0.209315
313,1359.15,0.208269
314,1927.45,0.207227
315,1909.3,0.206191
316,1791.65,0.20516
317,1694.95,0.204135
318,2147.5,0.203114
319,1921.7,0.202098
320,2447.3,0.201088
321,2107.3,0.200082
322,2919.75,0.199082
323,2424.55,0.198087
324,2090.5,0.197096
325,1460.95,0.196111
326,2145.1,0.19513
327,1596.9,0.194154
328,1809.35,0.193184
329,1912.55,0.192218
330,2040.2,0.191257
331,1827.7,0.1903
332,1788.55,0.189349
333,1848.95,0.188402
334,975.55,0.18746
335,1815.15,0.186523
336,1385.15,0.18559
337,1003.5,0.184662
338,1556.95,0.183739
339,1532.95,0.18282
340,1937.25,0.181906
341,1390.85,0.180997
342,1489.8,0.180092
343,1541.4,0.179191
344,1512.9,0.178295
345,2190.75,0.177404
346,2046.9,0.176517
347,2366.25,0.175634
348,1716.8,0.174756
349,1949.5,0.173882
350,2248.25,0.173013
351,1723.45,0.172148
352,2574.95,0.171287
353,2143.9,0.170431
354,1643.35,0.169578
355,2713.45,0.168731
356,1796.65,0.167887
357,2078.25,0.167047
358,1516.8,0.166212
359,1776.95,0.165381
360,1685.9,0.164554
361,1840.5,0.163731
362,1471.7,0.162913
363,1562.9,0.162098
364,1735.7,0.161288
365,1937.0,0.160481
366,1070.6,0.159679
367,1185.3,0.158881
368,2137.85,0.158086
369,1798.05,0.157296
370,1629.35,0.156509
371,1479.35,0.155727
372,1390.45,0.154948
373,1078.3,0.154173
374,1118.5,0.153402
375,1736.65,0.152635
376,1466.8,0.151872
377,1164.45,0.151113
378,1823.05,0.150357
379,1899.4,0.149606
380,1912.45,0.148857
381,927.85,0.148113
382,2260.0,0.147373
383,2102.3,0.146636
384,757.25,0.145903
385,1253.95,0.145173
386,967.9,0.144447
387,928.8,0.143725
388,855.0,0.143006
389,1736.1,0.142291
390,1250.55,0.14158
391,979.0,0.140872
392,1256.6,0.140168
393,1491.4,0.139467
394,1466.35,0.138769
395,1105.65,0.138076
396,1437.85,0.137385
397,1321.5,0.136698
398,1474.2,0.136015
399,685.7,0.135335
400,1540.9,0.134658
401,1235.55,0.133985
402,1382.2,0.133315
403,1125.9,0.132648
404,886.1,0.131985
405,1084.0,0.131325
406,-87.85,0.130668
407,2485.55,0.130015
408,1400.8,0.129365
409,1320.8,0.128718
410,786.15,0.128075
411,781.85,0.127434
412,1573.05,0.126797
413,1876.25,0.126163
414,1798.45,0.125532
415,1534.25,0.124905
416,1352.3,0.12428
417,1319.85,0.123659
418,1565.5,0.12304
419,1839.2,0.122425
420,1444.9,0.121813
421,1617.9,0.121204
422,1827.2,0.120598
423,1468.85,0.119995
424,1875.0,0.119395
425,1839.9,0.118798
426,1234.65,0.118204
427,1628.35,0.117613
428,871.05,0.117025
429,1590.55,0.11644
430,1729.3,0.115858
431,1802.85,0.115278
432,948.4,0.114702
433,1282.1,0.114128
434,1456.55,0.113558
435,2460.25,0.11299
436,1427.4,0.112425
437,1578.2,0.111863
438,894.1,0.111304
439,1862.6,0.110747
440,2282.5,0.110193
441,1836.4,0.109642
442,1880.35,0.109094
443,2090.0,0.108549
444,1598.05,0.108006
445,2203.3,0.107466
446,2205.35,0.106929
447,1943.0,0.106394
448,1832.0,0.105862
449,1750.9,0.105333
450,1673.5,0.104806
451,1444.5,0.104282
452,2055.15,0.103761
453,1535.25,0.103242
454,1520.35,0.102726
455,1857.6,0.102212
456,2182.75,0.101701
457,1995.2,0.101192
458,1965.4,0.100686
459,1754.15,0.100183
460,1565.75,0.099682
461,1681.9,0.099184
462,2101.7,0.098688
463,1999.0,0.098194
464,2305.55,0.097703
465,1590.3,0.097215
466,1718.65,0.096729
467,1979.2,0.096245
468,1247.5,0.095764
469,1700.3,0.095285
470,1609.4,0.094809
471,1625.85,0.094335
472,1856.8,0.093863
473,1490.45,0.093394
474,926.6,0.092927
475,1555.6,0.092462
476,2062.6,0.092
477,1632.5,0.09154
478,2142.15,0.091082
479,2024.9,0.090627
480,2012.65,0.090173
481,1304.55,0.089723
482,1346.75,0.089274
483,1831.85,0.088828
484,2110.75,0.088383
485,1570.65,0.087942
486,1799.75,0.087502
487,1257.85,0.087064
488,1345.9,0.086629
489,1930.65,0.086196
490,1603.9,0.085765
491,2043.4,0.085336
492,1862.8,0.084909
493,1891.45,0.084485
494,1326.5,0.084062
495,1550.65,0.083642
496,1688.0,0.083224
497,1835.65,0.082808
498,1513.9,0.082394
499,1401.3,0.081982
500,1773.65,0.081572
501,1450.9,0.081164
502,1297.15,0.080758
503,1113.8,0.080354
504,1322.55,0.079953
505,907.7,0.079553
506,1372.85,0.079155
507,1799.1,0.078759
508,1665.85,0.078366
509,1444.45,0.077974
510,1359.75,0.077584
511,1869.45,0.077196
512,2290.55,0.07681
513,2293.6,0.076426
514,2779.7,0.076044
515,2517.3,0.075664
516,1917.95,0.075285
517,2173.95,0.074909
518,2029.45,0.074534
519,2341.95,0.074162
520,2364.55,0.073791
521,2072.8,0.073422
522,1907.4,0.073055
523,2235.4,0.072689
524,2471.2,0.072326
525,2240.55,0.071964
526,1875.95,0.071605
527,2042.4,0.071247
528,1807.8,0.07089
529,1971.75,0.070536
530,2154.2,0.070183
531,2490.0,0.069832
532,2498.35,0.069483
533,2233.15,0.069136
534,1933.85,0.06879
535,1994.35,0.068446
536,2064.15,0.068104
537,1670.45,0.067763
538,1852.4,0.067424
539,1716.5,0.067087
540,1676.6,0.066752
541,1950.6,0.066418
542,1842.9,0.066086
543,1368.8,0.065756
544,2048.5,0.065427
545,1757.35,0.0651
546,1726.65,0.064774
547,1745.0,0.06445
548,1699.1,0.064128
549,1583.9,0.063807
550,1683.1,0.063488
551,2155.55,0.063171
552,1829.2,0.062855
553,2316.55,0.062541
554,1725.8,0.062228
555,2096.8,0.061917
556,2172.5,0.061607
557,1953.85,0.061299
558,2358.25,0.060993
559,1879.35,0.060688
560,1600.4,0.060384
561,2074.25,0.060083
562,2286.8,0.059782
563,1983.7,0.059483
564,2167.05,0.059186
565,2112.2,0.05889
566,1960.9,0.058595
567,2356.15,0.058302
568,1744.55,0.058011
569,2081.65,0.057721
570,2108.55,0.057432
571,1933.6,0.057145
572,1725.4,0.056859
573,2159.95,0.056575
574,1645.05,0.056292
575,2577.45,0.056011
576,1944.6,0.055731
577,2149.05,0.055452
578,1523.05,0.055175
579,1662.5,0.054899
580,1662.8,0.054624
581,2446.1,0.054351
582,1740.95,0.05408
583,1922.85,0.053809
584,1464.15,0.05354
585,1577.75,0.053272
586,2239.8,0.053006
587,1662.35,0.052741
588,1660.5,0.052477
589,1960.9,0.052215
590,2482.3,0.051954
591,1828.7,0.051694
592,1604.8,0.051436
593,2158.4,0.051178
594,1661.8,0.050923
595,1926.9,0.050668
596,1984.55,0.050415
597,2046.6,0.050163
598,1468.15,0.05
599,1530.2,0.05
600,2196.25,0.05
601,2059.75,0.05
602,1662.85,0.05
603,1840.65,0.05
604,1622.25,0.05
605,2142.55,0.05
606,2126.15,0.05
607,2444.4,0.05
608,1644.1,0.05
609,1579.65,0.05
610,1247.05,0.05
611,1799.65,0.05
612,1976.55,0.05
613,1978.45,0.05
614,1747.9,0.05
615,2272.9,0.05
616,1587.3,0.05
617,1299.0,0.05
618,1887.05,0.05
619,1650.3,0.05
620,2218.05,0.05
621,1445.65,0.05
622,2084.2,0.05
623,1824.65,0.05
624,2039.75,0.05
625,1842.25,0.05
626,2259.15,0.05
627,1410.55,0.05
628,1945.25,0.05
629,1697.1,0.05
630,1434.35,0.05
631,1374.9,0.05
632,1989.25,0.05
633,1973.0,0.05
634,2265.45,0.05
635,1723.25,0.05
636,2054.45,0.05
637,1928.5,0.05
638,1840.0,0.05
639,2310.65,0.05
640,1761.95,0.05
641,2088.3,0.05
642,1753.0,0.05
643,1933.75,0.05
644,1453.2,0.05
645,1828.6,0.05
646,1588.6,0.05
647,2202.95,0.05
648,1797.8,0.05
649,1912.65,0.05
650,1924.35,0.05
651,2394.65,0.05
652,2702.05,0.05
653,2888.45,0.05
654,1761.95,0.05
655,1960.75,0.05
656,1881.05,0.05
657,1747.4,0.05
658,1779.75,0.05
659,1817.6,0.05
660,2422.75,0.05
661,1929.0,0.05
662,2264.3,0.05
663,1892.15,0.05
664,1857.45,0.05
665,2038.05,0.05
666,2702.45,0.05
667,1766.3,0.05
668,1758.9,0.05
669,1896.2,0.05
670,1682.85,0.05
671,1724.2,0.05
672,1867.7,0.05
673,2181.65,0.05
674,1686.75,0.05
675,2158.45,0.05
676,1701.4,0.05
677,1472.35,0.05
678,1566.75,0.05
679,1640.9,0.05
680,1557.4,0.05
681,1786.0,0.05
682,1740.8,0.05
683,1325.1,0.05
684,1369.35,0.05
685,1709.4,0.05
686,1680.7,0.05
687,1695.4,0.05
688,1134.9,0.05
689,1157.7,0.05
690,1289.6,0.05
691,1559.2,0.05
692,1545.2,0.05
693,1229.95,0.05
694,1531.0,0.05
695,860.35,0.05
696,1435.95,0.05
697,1000.6,0.05
698,1653.3,0.05
699,1089.85,0.05
700,1032.35,0.05
701,1432.1,0.05
702,1255.8,0.05
703,1398.5,0.05
704,753.65,0.05
705,712.3,0.05
706,915.9,0.05
707,1233.85,0.05
708,1400.65,0.05
709,1861.8,0.05
710,1778.5,0.05
711,1321.25,0.05
712,1239.65,0.05
713,1295.7,0.05
714,1353.4,0.05
715,1705.05,0.05
716,1534.2,0.05
717,1566.7,0.05
718,1617.45,0.05
719,1962.55,0.05
720,1492.5,0.05
721,1618.0,0.05
722,1362.5,0.05
723,1257.15,0.05
724,1380.05,0.05
725,1224.3,0.05
726,1123.6,0.05
727,1320.6,0.05
728,1141.6,0.05
729,1570.7,0.05
730,1368.0,0.05
731,1128.95,0.05
732,1367.5,0.05
733,1746.9,0.05
734,2090.8,0.05
735,1778.85,0.05
736,1314.55,0.05
737,1760.7,0.05
738,1163.55,0.05
739,1882.55,0.05
740,1572.65,0.05
741,889.8,0.05
742,1372.2,0.05
743,1621.3,0.05
744,1387.9,0.05
745,1425.7,0.05
746,1740.2,0.05
747,1757.55,0.05
748,1420.05,0.05
749,1212.25,0.05
750,1733.5,0.05
751,1073.45,0.05
752,1236.65,0.05
753,1209.5,0.05
754,2026.8,0.05
755,1073.0,0.05
756,1557.2,0.05
757,592.95,0.05
758,1292.2,0.05
759,1306.7,0.05
760,1508.85,0.05
761,1230.05,0.05
762,967.6,0.05
763,1203.4,0.05
764,1726.15,0.05
765,1252.1,0.05
766,1176.3,0.05
767,1928.15,0.05
768,1326.9,0.05
769,2038.15,0.05
770,1592.6,0.05
771,903.75,0.05
772,1030.05,0.05
773,1267.5,0.05
774,1228.45,0.05
775,1145.6,0.05
776,1716.9,0.05
777,1537.8,0.05
778,1605.9,0.05
779,1458.0,0.05
780,2071.3,0.05
781,1992.8,0.05
782,1777.0,0.05
783,1573.15,0.05
784,1580.0,0.05
785,1729.85,0.05
786,1844.35,0.05
787,1891.3,0.05
788,1817.75,0.05
789,1933.5,0.05
790,1894.0,0.05
791,1802.65,0.05
792,1852.9,0.05
793,1789.1,0.05
794,1802.05,0.05
795,1989.15,0.05
796,2037.45,0.05
797,1679.65,0.05
798,1837.95,0.05
799,1561.05,0.05
800,2049.25,0.05
801,1744.6,0.05
802,1595.0,0.05
803,1822.55,0.05
804,1735.75,0.05
805,1948.55,0.05
806,1408.9,0.05
807,1647.55,0.05
808,1541.45,0.05
809,1421.5,0.05
810,1847.1,0.05
811,1281.9,0.05
812,1702.4,0.05
813,1502.55,0.05
814,1676.0,0.05
815,1302.25,0.05
816,1402.85,0.05
817,1545.7,0.05
818,1663.4,0.05
819,1479.1,0.05
820,1345.0,0.05
821,1143.7,0.05
822,1416.7,0.05
823,1358.25,0.05
824,1271.4,0.05
825,1328.2,0.05
826,889.35,0.05
827,1230.65,0.05
828,1629.85,0.05
829,1680.3,0.05
830,2266.95,0.05
831,2423.25,0.05
832,2084.25,0.05
833,2154.3,0.05
834,1981.9,0.05
835,2705.2,0.05
836,1418.65,0.05
837,855.75,0.05
838,2043.25,0.05
839,2157.05,0.05
840,1871.75,0.05
841,1739.1,0.05
842,2085.4,0.05
843,1141.8,0.05
844,1127.4,0.05
845,1363.1,0.05
846,1812.55,0.05
847,1591.85,0.05
848,1269.9,0.05
849,1361.9,0.05
850,1708.75,0.05
851,1586.35,0.05
852,1516.75,0.05
853,1690.65,0.05
854,1307.65,0.05
855,1480.55,0.05
856,1125.25,0.05
857,1387.85,0.05
858,1853.75,0.05
859,1503.15,0.05
860,1199.05,0.05
861,1646.9,0.05
862,1209.75,0.05
863,1124.4,0.05
864,1472.0,0.05
865,1520.25,0.05
866,590.45,0.05
867,1606.25,0.05
868,1135.1,0.05
869,1516.4,0.05
870,1124.7,0.05
871,1742.2,0.05
872,1383.2,0.05
873,1323.6,0.05
874,1460.2,0.05
875,1284.6,0.05
876,1143.4,0.05
877,1401.3,0.05
878,1377.05,0.05
879,871.35,0.05
880,1044.2,0.05
881,1858.75,0.05
882,1190.8,0.05
883,1219.25,0.05
884,1526.75,0.05
885,1888.55,0.05
886,1357.9,0.05
887,1251.2,0.05
888,1460.85,0.05
889,1247.05,0.05
890,1779.5,0.05
891,2329.95,0.05
892,1835.9,0.05
893,1379.35,0.05
894,1756.65,0.05
895,1627.55,0.05
896,2181.25,0.05
897,1907.8,0.05
898,1782.8,0.05
899,2482.85,0.05
900,1369.1,0.05
901,1880.85,0.05
902,1147.4,0.05
903,513.55,0.05
904,959.55,0.05
905,1564.2,0.05
906,902.55,0.05
907,1967.5,0.05
908,2011.6,0.05
909,1229.25,0.05
910,1028.4,0.05
911,2290.85,0.05
912,2072.75,0.05
913,1244.3,0.05
914,1712.5,0.05
915,1903.1,0.05
916,2112.95,0.05
917,1461.75,0.05
918,1752.9,0.05
919,1686.9,0.05
920,1450.25,0.05
921,1717.15,0.05
922,1205.45,0.05
923,1328.9,0.05
924,2210.45,0.05
925,1546.05,0.05
926,2139.65,0.05
927,1790.65,0.05
928,2534.5,0.05
929,1859.35,0.05
930,2005.25,0.05
931,2188.3,0.05
932,1575.3,0.05
933,2651.55,0.05
934,2327.1,0.05
935,1394.05,0.05
936,2390.6,0.05
937,1324.45,0.05
938,1948.15,0.05
939,2157.9,0.05
940,1804.85,0.05
941,2285.65,0.05
942,2134.7,0.05
943,1249.75,0.05
944,1894.2,0.05
945,2107.25,0.05
946,1526.55,0.05
947,2622.15,0.05
948,2050.4,0.05
949,2208.2,0.05
950,1735.65,0.05
951,2247.3,0.05
952,2227.6,0.05
953,1421.55,0.05
954,1878.1,0.05
955,2157.55,0.05
956,2225.9,0.05
957,2168.25,0.05
958,1037.75,0.05
959,779.5,0.05
960,1512.85,0.05
961,1338.9,0.05
962,2099.4,0.05
963,2442.3,0.05
964,1643.15,0.05
965,2493.15,0.05
966,2066.8,0.05
967,2784.3,0.05
968,1601.8,0.05
969,2110.65,0.05
970,3290.35,0.05
971,2733.95,0.05
972,1695.55,0.05
973,1919.5,0.05
974,1141.55,0.05
975,1717.25,0.05
976,1444.55,0.05
977,1636.45,0.05
978,2365.85,0.05
979,2724.85,0.05
980,1764.4,0.05
981,2795.3,0.05
982,2413.25,0.05
983,2439.85,0.05
984,2477.3,0.05
985,1654.7,0.05
986,2015.65,0.05
987,1945.25,0.05
988,1779.6,0.05
989,2247.3,0.05
990,1933.2,0.05
991,2168.6,0.05
992,2282.3,0.05
993,2472.2,0.05
994,2020.4,0.05
995,2115.2,0.05
996,1949.15,0.05
997,2295.0,0.05
998,2522.95,0.05
999,1690.35,0.05
1000,1941.15,0.05
1001,2042.2,0.05
1002,2423.55,0.05
1003,1646.15,0.05
1004,2446.1,0.05
1005,1883.9,0.05
1006,1948.85,0.05
1007,2541.05,0.05
1008,2599.4,0.05
1009,2160.95,0.05
1010,1813.2,0.05
1011,2577.0,0.05
1012,2279.65,0.05
1013,2372.7,0.05
1014,2436.85,0.05
1015,2086.1,0.05
1016,2335.55,0.05
1017,2496.9,0.05
1018,2227.35,0.05
1019,2025.05,0.05
1020,2537.9,0.05
1021,1542.5,0.05
1022,1801.9,0.05
1023,2577.8,0.05
1024,2318.7,0.05
1025,2282.75,0.05
1026,2789.95,0.05
1027,2015.65,0.05
1028,2211.45,0.05
1029,1387.5,0.05
1030,2790.95,0.05
1031,1428.3,0.05
1032,2327.75,0.05
1033,1872.8,0.05
1034,2641.0,0.05
1035,1793.25,0.05
1036,2116.95,0.05
1037,2002.25,0.05
1038,2144.05,0.05
1039,1757.1,0.05
1040,2093.95,0.05
1041,2038.65,0.05
1042,2521.85,0.05
1043,1982.8,0.05
1044,2068.0,0.05
1045,2090.7,0.05
1046,1910.85,0.05
1047,1888.7,0.05
1048,2098.9,0.05
1049,1976.3,0.05
1050,2067.35,0.05
1051,2348.35,0.05
1052,1580.95,0.05
1053,1953.1,0.05
1054,1554.55,0.05
1055,2197.45,0.05
1056,2681.8,0.05
1057,2049.95,0.05
1058,2113.55,0.05
1059,2135.05,0.05
1060,2185.2,0.05
1061,1867.4,0.05
1062,2063.55,0.05
1063,2731.75,0.05
1064,2153.45,0.05
1065,2124.25,0.05
1066,2332.4,0.05
1067,2065.8,0.05
1068,2099.95,0.05
1069,1642.05,0.05
1070,2068.35,0.05
1071,2155.35,0.05
1072,2452.65,0.05
1073,2019.65,0.05
1074,1807.6,0.05
1075,2269.5,0.05
1076,1782.3,0.05
1077,1525.85,0.05
1078,2241.0,0.05
1079,1977.95,0.05
1080,2510.9,0.05
1081,2485.5,0.05
1082,2287.9,0.05
1083,2314.9,0.05
1084,1883.15,0.05
1085,2404.4,0.05
1086,2408.65,0.05
1087,2249.15,0.05
1088,2465.25,0.05
1089,2011.85,0.05
1090,2060.45,0.05
1091,2100.2,0.05
1092,1464.35,0.05
1093,2385.2,0.05
1094,1497.8,0.05
1095,1516.35,0.05
1096,2365.2,0.05
1097,2054.3,0.05
1098,2251.9,0.05
1099,2570.5,0.05
1100,2509.95,0.05
1101,1557.1,0.05
1102,1697.85,0.05
1103,1591.5,0.05
1104,2158.35,0.05
1105,2105.05,0.05
1106,2421.55,0.05
1107,2351.55,0.05
1108,2027.1,0.05
1109,1769.9,0.05
1110,2021.6,0.05
1111,1608.45,0.05
1112,1895.6,0.05
1113,2484.3,0.05
1114,1606.6,0.05
1115,2195.15,0.05
1116,1237.5,0.05
1117,1722.95,0.05
1118,2385.3,0.05
1119,1706.5,0.05
1120,938.2,0.05
1121,1180.65,0.05
1122,1433.85,0.05
1123,571.45,0.05
1124,1001.7,0.05
1125,1103.55,0.05
1126,1190.1,0.05
1127,1806.7,0.05
1128,1319.6,0.05
1129,2217.9,0.05
1130,2141.55,0.05
1131,1871.15,0.05
1132,2262.05,0.05
1133,2196.3,0.05
1134,2545.2,0.05
1135,2318.95,0.05
1136,2482.95,0.05
1137,1941.9,0.05
1138,2255.75,0.05
1139,2638.9,0.05
1140,2120.4,0.05
1141,2492.05,0.05
1142,2472.5,0.05
1143,2139.05,0.05
1144,1920.1,0.05
1145,2772.05,0.05
1146,1991.0,0.05
1147,2431.3,0.05
1148,1992.75,0.05
1149,2375.5,0.05
1150,2218.35,0.05
1151,2743.7,0.05
1152,2506.9,0.05
1153,2232.5,0.05
1154,1968.6,0.05
1155,2287.7,0.05
1156,1927.1,0.05
1157,2134.5,0.05
1158,2284.35,0.05
1159,2237.1,0.05
1160,2437.6,0.05
1161,2326.8,0.05
1162,2538.45,0.05
1163,1529.0,0.05
1164,2134.0,0.05
1165,1762.75,0.05
1166,2779.3,0.05
1167,2114.75,0.05
1168,1929.85,0.05
1169,2087.45,0.05
1170,2110.1,0.05
1171,1272.55,0.05
1172,1557.75,0.05
1173,2594.2,0.05
1174,2068.9,0.05
1175,2070.8,0.05
1176,2009.25,0.05
1177,2300.1,0.05
1178,1938.3,0.05
1179,2219.1,0.05
1180,1744.45,0.05
1181,1806.55,0.05
1182,1914.6,0.05
1183,2363.35,0.05
1184,1876.0,0.05
1185,1902.75,0.05
1186,2570.55,0.05
1187,2663.0,0.05
1188,2220.5,0.05
1189,2290.4,0.05
1190,1932.85,0.05
1191,1035.35,0.05
1192,1769.6,0.05
1193,1834.9,0.05
1194,1587.2,0.05
1195,2666.45,0.05
1196,2583.3,0.05
1197,1872.8,0.05
1198,1610.5,0.05
1199,1984.35,0.05
1200,1955.05,0.05
1201,1585.75,0.05
1202,2405.2,0.05
1203,2307.45,0.05
1204,2400.1,0.05
1205,2068.15,0.05
1206,1514.1,0.05
1207,2120.9,0.05
1208,1934.05,0.05
1209,2016.05,0.05
1210,1877.35,0.05
1211,1458.65,0.05
1212,1931.55,0.05
1213,2104.5,0.05
1214,1960.6,0.05
1215,1697.35,0.05
1216,1790.8,0.05
1217,1809.05,0.05
1218,1870.35,0.05
1219,1529.45,0.05
1220,2206.25,0.05
1221,1734.2,0.05
1222,1571.35,0.05
1223,1982.15,0.05
1224,1614.9,0.05
1225,1453.3,0.05
1226,1793.1,0.05
1227,1606.55,0.05
1228,2205.05,0.05
1229,3064.95,0.05
1230,2577.15,0.05
1231,2056.15,0.05
1232,2289.0,0.05
1233,2185.45,0.05
1234,2299.05,0.05
1235,1994.65,0.05
1236,2515.45,0.05
1237,2115.45,0.05
1238,2339.05,0.05
1239,2186.3,0.05
1240,2280.15,0.05
1241,1857.7,0.05
1242,2110.15,0.05
1243,2048.55,0.05
1244,2247.15,0.05
1245,2480.65,0.05
1246,1922.45,0.05
1247,2481.0,0.05
1248,2101.95,0.05
1249,2053.2,0.05
1250,1775.15,0.05
1251,2778.25,0.05
1252,2118.3,0.05
1253,2299.3,0.05
1254,2103.55,0.05
1255,1748.6,0.05
1256,2666.35,0.05
1257,2430.95,0.05
1258,1969.25,0.05
1259,2409.65,0.05
1260,2349.25,0.05
1261,2279.1,0.05
1262,2064.15,0.05
1263,1801.75,0.05
1264,2246.8,0.05
1265,1470.75,0.05
1266,1270.4,0.05
1267,1326.4,0.05
1268,995.55,0.05
1269,2336.15,0.05
1270,2143.95,0.05
1271,2018.95,0.05
1272,1954.3,0.05
1273,2563.15,0.05
1274,1963.55,0.05
1275,1627.6,0.05
1276,2260.35,0.05
1277,1903.05,0.05
1278,2262.5,0.05
1279,1600.7,0.05
1280,2088.6,0.05
1281,1441.2,0.05
1282,2243.15,0.05
1283,1459.45,0.05
1284,2652.1,0.05
1285,2320.3,0.05
1286,2424.25,0.05
1287,2634.1,0.05
1288,3153.1,0.05
1289,2597.0,0.05
1290,2410.8,0.05
1291,2923.75,0.05
1292,2899.05,0.05
1293,2555.7,0.05
1294,2529.1,0.05
1295,2898.25,0.05
1296,2972.2,0.05
1297,2617.75,0.05
1298,2906.45,0.05
1299,2812.15,0.05
1300,2776.1,0.05
1301,2129.15,0.05
1302,2235.85,0.05
1303,2604.95,0.05
1304,2124.45,0.05
1305,2679.2,0.05
1306,2013.4,0.05
1307,2524.8,0.05
1308,2409.9,0.05
1309,2843.9,0.05
1310,2394.4,0.05
1311,2408.0,0.05
1312,2513.95,0.05
1313,1880.35,0.05
1314,2487.0,0.05
1315,1955.05,0.05
1316,2868.1,0.05
1317,2676.05,0.05
1318,3137.05,0.05
1319,2282.8,0.05
1320,2482.0,0.05
1321,2924.95,0.05
1322,2151.3,0.05
1323,2799.45,0.05
1324,2308.85,0.05
1325,3257.35,0.05
1326,2458.9,0.05
1327,2755.5,0.05
1328,2543.3,0.05
1329,2321.55,0.05
1330,2377.7,0.05
1331,2599.4,0.05
1332,2297.1,0.05
1333,2582.05,0.05
1334,2476.95,0.05
1335,2537.85,0.05
1336,2559.4,0.05
1337,1938.0,0.05
1338,2749.6,0.05
1339,3148.45,0.05
1340,2579.55,0.05
1341,2098.55,0.05
1342,2532.95,0.05
1343,2509.0,0.05
1344,2472.9,0.05
1345,2499.5,0.05
1346,3089.35,0.05
1347,2760.35,0.05
1348,1993.6,0.05
1349,1929.4,0.05
1350,1865.55,0.05
1351,2454.0,0.05
1352,2162.7,0.05
1353,1689.45,0.05
1354,2438.5,0.05
1355,2616.5,0.05
1356,2075.55,0.05
1357,1920.0,0.05
1358,1754.95,0.05
1359,2391.95,0.05
1360,1917.2,0.05
1361,2466.7,0.05
1362,2573.05,0.05
1363,2440.35,0.05
1364,1601.2,0.05
1365,2458.7,0.05
1366,2610.05,0.05
1367,2198.45,0.05
1368,2132.65,0.05
1369,2265.95,0.05
1370,1783.9,0.05
1371,2145.35,0.05
1372,2333.05,0.05
1373,2302.25,0.05
1374,1974.45,0.05
1375,1570.55,0.05
1376,1475.1,0.05
1377,2523.25,0.05
1378,1898.4,0.05
1379,3222.7,0.05
1380,2247.95,0.05
1381,2282.1,0.05
1382,2106.0,0.05
1383,1849.75,0.05
1384,2507.05,0.05
1385,1894.85,0.05
1386,2210.9,0.05
1387,2311.1,0.05
1388,2497.85,0.05
1389,1828.05,0.05
1390,1688.15,0.05
1391,1938.2,0.05
1392,1924.0,0.05
1393,1121.85,0.05
1394,1373.7,0.05
1395,2061.2,0.05
1396,1196.9,0.05
1397,1542.85,0.05
1398,1448.8,0.05
1399,1509.65,0.05
1400,1095.1,0.05
1401,1647.15,0.05
1402,1844.5,0.05
1403,2261.75,0.05
1404,2517.2,0.05
1405,1940.75,0.05
1406,2442.35,0.05
1407,2046.05,0.05
1408,2345.85,0.05
1409,2283.95,0.05
1410,1876.5,0.05
1411,1815.75,0.05
1412,2230.45,0.05
1413,2369.0,0.05
1414,2251.35,0.05
1415,2272.05,0.05
1416,2079.95,0.05
1417,1894.45,0.05
1418,2570.7,0.05
1419,1965.7,0.05
1420,1957.55,0.05
1421,1871.05,0.05
1422,2635.35,0.05
1423,2465.25,0.05
1424,2713.9,0.05
1425,2134.3,0.05
1426,2022.05,0.05
1427,2394.35,0.05
1428,2309.15,0.05
1429,2022.7,0.05
1430,2407.45,0.05
1431,2043.05,0.05
1432,1538.8,0.05
1433,2486.1,0.05
1434,1964.5,0.05
1435,2021.25,0.05
1436,1937.05,0.05
1437,1957.3,0.05
1438,2274.85,0.05
1439,1913.95,0.05
1440,1731.95,0.05
1441,1935.0,0.05
1442,1732.1,0.05
1443,2434.3,0.05
1444,2874.7,0.05
1445,2333.25,0.05
1446,2013.3,0.05
1447,2340.75,0.05
1448,2397.6,0.05
1449,2142.8,0.05
1450,1859.55,0.05
1451,2028.4,0.05
1452,1851.8,0.05
1453,1736.75,0.05
1454,2685.75,0.05
1455,1983.0,0.05
1456,1602.8,0.05
1457,2023.6,0.05
1458,1842.3,0.05
1459,2480.85,0.05
1460,1779.1,0.05
1461,1733.95,0.05
1462,2879.65,0.05
1463,2384.2,0.05
1464,2574.3,0.05
1465,2022.9,0.05
1466,1797.25,0.05
1467,2101.95,0.05
1468,2273.85,0.05
1469,2074.15,0.05
1470,2292.25,0.05
1471,2010.3,0.05
1472,2123.7,0.05
1473,2382.1,0.05
1474,2340.1,0.05
1475,2436.55,0.05
1476,2404.2,0.05
1477,2623.8,0.05
1478,3019.5,0.05
1479,2860.15,0.05
1480,3176.8,0.05
1481,3116.7,0.05
1482,2766.35,0.05
1483,2415.4,0.05
1484,2242.05,0.05
1485,2752.95,0.05
1486,2443.3,0.05
1487,2352.75,0.05
1488,2463.65,0.05
1489,2245.55,0.05
1490,2486.0,0.05
1491,2174.8,0.05
1492,1840.95,0.05
1493,2606.0,0.05
1494,1778.75,0.05
1495,2374.25,0.05
1496,2527.8,0.05
1497,2408.2,0.05
1498,1844.05,0.05
1499,2669.9,0.05
1500,2675.75,0.05
1501,2837.95,0.05
1502,2485.65,0.05
1503,2096.05,0.05
1504,2527.65,0.05
1505,2861.9,0.05
1506,2359.95,0.05
1507,2150.55,0.05
1508,2612.7,0.05
1509,2239.15,0.05
1510,2634.35,0.05
1511,2369.75,0.05
1512,2407.35,0.05
1513,2125.8,0.05
1514,2758.05,0.05
1515,1997.55,0.05
1516,2593.55,0.05
1517,2115.3,0.05
1518,2577.65,0.05
1519,2252.5,0.05
1520,3086.35,0.05
1521,2654.55,0.05
1522,2639.9,0.05
1523,2620.65,0.05
1524,2342.3,0.05
1525,2603.45,0.05
1526,2700.8,0.05
1527,2116.9,0.05
1528,2531.05,0.05
1529,2595.8,0.05
1530,2247.75,0.05
1531,2758.6,0.05
1532,1861.95,0.05
1533,2066.35,0.05
1534,1914.35,0.05
1535,2005.9,0.05
1536,2589.4,0.05
1537,2048.75,0.05
1538,2152.5,0.05
1539,2383.1,0.05
1540,2468.9,0.05
1541,2519.0,0.05
1542,2516.95,0.05
1543,2644.9,0.05
1544,2164.45,0.05
1545,3014.1,0.05
1546,1989.8,0.05
1547,2428.75,0.05
1548,2746.2,0.05
1549,2185.2,0.05
1550,2298.65,0.05
1551,2087.15,0.05
1552,2793.5,0.05
1553,2059.05,0.05
1554,2483.15,0.05
1555,2292.85,0.05
1556,1657.4,0.05
1557,2391.75,0.05
1558,2228.65,0.05
1559,2452.9,0.05
1560,2210.7,0.05
1561,2534.9,0.05
1562,2990.95,0.05
1563,2145.8,0.05
1564,1993.1,0.05
1565,2162.85,0.05
1566,2831.25,0.05
1567,2270.45,0.05
1568,2528.75,0.05
1569,2202.65,0.05
1570,1584.2,0.05
1571,1999.65,0.05
1572,2090.6,0.05
1573,2982.7,0.05
1574,2515.05,0.05
1575,2258.3,0.05
1576,3127.9,0.05
1577,2906.15,0.05
1578,3179.9,0.05
1579,2743.05,0.05
1580,2170.1,0.05
1581,2669.85,0.05
1582,2672.15,0.05
1583,2359.95,0.05
1584,2667.7,0.05
1585,2503.6,0.05
1586,2050.35,0.05
1587,2222.05,0.05
1588,2357.1,0.05
1589,2316.4,0.05
1590,2292.4,0.05
1591,3098.35,0.05
1592,3002.35,0.05
1593,2537.8,0.05
1594,2444.15,0.05
1595,2667.45,0.05
1596,3114.8,0.05
1597,2849.4,0.05
1598,2424.95,0.05
1599,2599.75,0.05
1600,2598.45,0.05
1601,2810.65,0.05
1602,2820.25,0.05
1603,3088.85,0.05
1604,2292.4,0.05
1605,3031.3,0.05
1606,3181.85,0.05
1607,2293.05,0.05
1608,3049.95,0.05
1609,2992.85,0.05
1610,2812.05,0.05
1611,2898.9,0.05
1612,3004.9,0.05
1613,2568.05,0.05
1614,2362.35,0.05
1615,2868.95,0.05
1616,3090.15,0.05
1617,2426.8,0.05
1618,2735.35,0.05
1619,2302.1,0.05
1620,2967.85,0.05
1621,2759.7,0.05
1622,3062.3,0.05
1623,2644.5,0.05
1624,2191.45,0.05
1625,1861.05,0.05
1626,2428.65,0.05
1627,2763.25,0.05
1628,2247.55,0.05
1629,2703.6,0.05
1630,1985.95,0.05
1631,2699.4,0.05
1632,2925.2,0.05
1633,2529.8,0.05
1634,2342.7,0.05
1635,2823.6,0.05
1636,3003.85,0.05
1637,3344.9,0.05
1638,2924.35,0.05
1639,2199.25,0.05
1640,2063.45,0.05
1641,2358.9,0.05
1642,2691.9,0.05
1643,2385.3,0.05
1644,2941.95,0.05
1645,2569.6,0.05
1646,2816.15,0.05
1647,2447.6,0.05
1648,2457.95,0.05
1649,3063.25,0.05
1650,2796.85,0.05
1651,2354.5,0.05
1652,3048.35,0.05
1653,2751.75,0.05
1654,2163.2,0.05
1655,3127.5,0.05
1656,3054.7,0.05
1657,2650.45,0.05
1658,2335.65,0.05
1659,2762.7,0.05
1660,2309.65,0.05
1661,2245.3,0.05
1662,3016.7,0.05
1663,2808.55,0.05
1664,2224.85,0.05
1665,2724.45,0.05
1666,2988.0,0.05
1667,2710.45,0.05
1668,2906.2,0.05
1669,2526.45,0.05
1670,2635.8,0.05
1671,1979.8,0.05
1672,2172.5,0.05
1673,1788.55,0.05
1674,2753.15,0.05
1675,2374.9,0.05
1676,1778.2,0.05
1677,2719.55,0.05
1678,2073.95,0.05
1679,2540.75,0.05
1680,2569.15,0.05
1681,2168.4,0.05
1682,2252.8,0.05
1683,2897.6,0.05
1684,2641.2,0.05
1685,1988.3,0.05
1686,1966.75,0.05
1687,2346.7,0.05
1688,2359.0,0.05
1689,2697.55,0.05
1690,2416.9,0.05
1691,2943.9,0.05
1692,3059.05,0.05
1693,3185.4,0.05
1694,1642.2,0.05
1695,2867.6,0.05
1696,2988.2,0.05
1697,2071.05,0.05
1698,2214.35,0.05
1699,2407.45,0.05
1700,2728.05,0.05
1701,2484.05,0.05
1702,2519.75,0.05
1703,2774.4,0.05
1704,2254.55,0.05
1705,2311.4,0.05
1706,2642.15,0.05
1707,2930.3,0.05
1708,2129.7,0.05
1709,2514.2,0.05
1710,2001.3,0.05
1711,2340.3,0.05
1712,1730.0,0.05
1713,2534.5,0.05
1714,2660.75,0.05
1715,1874.75,0.05
1716,2331.8,0.05
1717,2714.75,0.05
1718,2147.8,0.05
1719,1999.45,0.05
1720,2340.2,0.05
1721,2114.7,0.05
1722,2049.5,0.05
1723,1857.45,0.05
1724,2096.6,0.05
1725,2732.45,0.05
1726,2294.0,0.05
1727,1923.45,0.05
1728,1716.45,0.05
1729,2463.65,0.05
1730,2345.35,0.05
1731,2253.5,0.05
1732,2349.75,0.05
1733,2723.1,0.05
1734,2436.05,0.05
1735,2596.8,0.05
1736,2849.4,0.05
1737,2397.3,0.05
1738,2190.6,0.05
1739,3050.25,0.05
1740,2683.5,0.05
1741,3015.5,0.05
1742,3085.8,0.05
1743,2690.3,0.05
1744,1734.7,0.05
1745,2982.8,0.05
1746,2411.9,0.05
1747,2370.95,0.05
1748,2348.5,0.05
1749,2320.8,0.05
1750,2117.45,0.05
1751,2122.25,0.05
1752,2051.15,0.05
1753,1713.25,0.05
1754,2735.95,0.05
1755,2103.1,0.05
1756,2283.75,0.05
1757,2601.15,0.05
1758,2435.7,0.05
1759,2412.8,0.05
1760,2700.95,0.05
1761,1953.55,0.05
1762,2711.65,0.05
1763,2028.2,0.05
1764,2354.05,0.05
1765,2268.9,0.05
1766,2256.75,0.05
1767,2687.7,0.05
1768,2210.15,0.05
1769,1747.4,0.05
1770,2635.85,0.05
1771,2109.95,0.05
1772,2253.2,0.05
1773,2643.9,0.05
1774,2268.4,0.05
1775,2248.85,0.05
1776,2019.75,0.05
1777,2661.7,0.05
1778,2294.5,0.05
1779,2430.1,0.05
1780,2512.65,0.05
1781,2244.2,0.05
1782,2804.7,0.05
1783,2353.1,0.05
1784,2025.8,0.05
1785,2110.45,0.05
1786,2369.0,0.05
1787,2477.05,0.05
1788,2581.9,0.05
1789,2200.65,0.05
1790,2175.95,0.05
1791,2476.9,0.05
1792,2501.2,0.05
1793,2895.85,0.05
1794,3298.15,0.05
1795,3097.85,0.05
1796,2121.2,0.05
1797,2363.5,0.05
1798,2498.05,0.05
1799,2807.0,0.05
1800,2950.55,0.05
1801,2954.9,0.05
1802,2203.5,0.05
1803,2050.8,0.05
1804,1953.05,0.05
1805,2377.7,0.05
1806,3094.95,0.05
1807,2961.2,0.05
1808,2215.3,0.05
1809,3063.95,0.05
1810,3001.9,0.05
1811,2335.2,0.05
1812,2193.85,0.05
1813,3035.35,0.05
1814,2722.45,0.05
1815,2233.3,0.05
1816,2363.5,0.05
1817,2473.7,0.05
1818,2958.7,0.05
1819,3036.95,0.05
1820,2715.6,0.05
1821,2765.6,0.05
1822,2807.9,0.05
1823,2652.7,0.05
1824,2575.45,0.05
1825,2517.5,0.05
1826,2716.05,0.05
1827,2493.8,0.05
1828,2217.45,0.05
1829,2719.35,0.05
1830,2565.35,0.05
1831,2789.95,0.05
1832,2457.05,0.05
1833,2508.25,0.05
1834,2497.3,0.05
1835,3346.9,0.05
1836,2951.5,0.05
1837,2875.55,0.05
1838,3086.45,0.05
1839,2557.9,0.05
1840,2562.05,0.05
1841,2893.6,0.05
1842,2269.55,0.05
1843,3286.85,0.05
1844,2412.7,0.05
1845,2687.95,0.05
1846,2596.55,0.05
1847,2665.2,0.05
1848,2324.45,0.05
1849,2967.8,0.05
1850,3224.45,0.05
1851,3126.8,0.05
1852,2735.55,0.05
1853,3021.05,0.05
1854,2884.35,0.05
1855,2712.7,0.05
1856,2101.55,0.05
1857,2599.2,0.05
1858,2776.95,0.05
1859,2360.2,0.05
1860,2791.65,0.05
1861,2660.7,0.05
1862,2464.6,0.05
1863,2682.85,0.05
1864,2369.7,0.05
1865,2536.3,0.05
1866,2538.95,0.05
1867,2335.9,0.05
1868,3243.8,0.05
1869,2831.15,0.05
1870,2719.5,0.05
1871,2808.75,0.05
1872,3176.8,0.05
1873,2405.85,0.05
1874,2711.55,0.05
1875,2835.7,0.05
1876,1715.75,0.05
1877,2764.8,0.05
1878,2614.45,0.05
1879,3312.3,0.05
1880,2941.15,0.05
1881,3027.1,0.05
1882,2859.55,0.05
1883,2741.35,0.05
1884,2635.05,0.05
1885,2711.35,0.05
1886,2370.8,0.05
1887,2213.8,0.05
1888,2699.05,0.05
1889,2186.05,0.05
1890,2672.4,0.05
1891,3065.6,0.05
1892,2458.05,0.05
1893,3310.5,0.05
1894,3101.65,0.05
1895,2242.35,0.05
1896,2565.3,0.05
1897,2204.4,0.05
1898,2647.55,0.05
1899,2524.95,0.05
1900,2534.15,0.05
1901,2400.3,0.05
1902,2533.15,0.05
1903,2152.2,0.05
1904,1718.1,0.05
1905,3240.05,0.05
1906,2392.75,0.05
1907,2259.2,0.05
1908,2974.35,0.05
1909,2345.9,0.05
1910,2128.6,0.05
1911,2781.6,0.05
1912,2591.5,0.05
1913,2435.5,0.05
1914,3300.1,0.05
1915,1159.2,0.05
1916,2025.85,0.05
1917,2497.45,0.05
1918,2586.55,0.05
1919,2208.45,0.05
1920,2497.65,0.05
1921,2313.15,0.05
1922,2282.25,0.05
1923,2429.9,0.05
1924,2424.7,0.05
1925,2135.9,0.05
1926,2813.7,0.05
1927,2653.1,0.05
1928,2191.85,0.05
1929,1294.85,0.05
1930,2628.8,0.05
1931,2354.45,0.05
1932,1828.3,0.05
1933,1856.55,0.05
1934,3154.35,0.05
1935,3255.65,0.05
1936,2617.45,0.05
1937,2797.0,0.05
1938,2985.35,0.05
1939,2314.25,0.05
1940,2263.1,0.05
1941,2735.25,0.05
1942,2961.25,0.05
1943,2769.6,0.05
1944,2760.35,0.05
1945,3619.15,0.05
1946,2209.9,0.05
1947,2331.7,0.05
1948,1874.55,0.05
1949,2609.5,0.05
1950,3086.45,0.05
1951,2776.45,0.05
1952,2691.5,0.05
1953,2790.2,0.05
1954,3028.8,0.05
1955,3022.45,0.05
1956,2342.65,0.05
1957,2228.9,0.05
1958,1895.55,0.05
1959,1914.85,0.05
1960,1725.8,0.05
1961,1930.8,0.05
1962,2417.0,0.05
1963,2432.65,0.05
1964,2875.8,0.05
1965,2164.4,0.05
1966,2049.65,0.05
1967,2784.0,0.05
1968,2643.55,0.05
1969,2709.1,0.05
1970,3117.7,0.05
1971,2536.9,0.05
1972,2524.55,0.05
1973,3043.4,0.05
1974,2651.2,0.05
1975,2698.7,0.05
1976,1992.5,0.05
1977,1744.25,0.05
1978,1932.55,0.05
1979,1767.2,0.05
1980,1690.25,0.05
1981,1999.05,0.05
1982,2068.25,0.05
1983,2305.35,0.05
1984,2308.1,0.05
1985,2228.2,0.05
1986,1797.05,0.05
1987,1678.0,0.05
1988,1535.0,0.05
1989,2036.65,0.05
1990,1972.5,0.05
1991,1820.3,0.05
1992,1808.2,0.05
1993,2288.55,0.05
1994,2269.75,0.05
1995,2072.35,0.05
1996,1966.9,0.05
1997,1989.75,0.05
1998,2254.65,0.05
1999,1782.95,0.05
2000,1790.6,0.05
2001,1751.7,0.05
2002,2100.95,0.05
2003,1716.5,0.05
2004,2280.1,0.05
2005,1425.8,0.05
2006,2105.9,0.05
2007,2041.0,0.05
2008,3152.2,0.05
2009,2713.7,0.05
2010,2032.3,0.05
2011,3127.25,0.05
2012,3061.2,0.05
2013,2840.5,0.05
2014,2515.6,0.05
2015,2049.2,0.05
2016,2489.7,0.05
2017,2587.85,0.05
2018,2343.95,0.05
2019,3007.35,0.05
2020,2564.25,0.05
2021,1885.15,0.05
2022,2078.85,0.05
2023,2013.95,0.05
2024,2784.55,0.05
2025,1958.2,0.05
2026,2506.65,0.05
2027,2618.6,0.05
2028,2794.8,0.05
2029,2531.65,0.05
2030,2773.35,0.05
2031,2286.5,0.05
2032,2398.85,0.05
2033,2170.9,0.05
2034,2953.35,0.05
2035,2501.0,0.05
2036,2267.05,0.05
2037,2719.45,0.05
2038,1844.25,0.05
2039,2535.15,0.05
2040,2332.6,0.05
2041,2298.45,0.05
2042,1793.15,0.05
2043,2590.5,0.05
2044,2044.75,0.05
2045,2155.0,0.05
2046,2009.4,0.05
2047,1946.55,0.05
2048,2502.1,0.05
2049,2100.05,0.05
2050,2410.7,0.05
2051,2627.1,0.05
2052,2279.5,0.05
2053,1750.25,0.05
2054,1202.95,0.05
2055,2228.45,0.05
2056,3060.4,0.05
2057,1862.75,0.05
2058,2132.95,0.05
2059,2884.7,0.05
2060,2332.05,0.05
2061,2790.05,0.05
2062,2695.4,0.05
2063,3215.7,0.05
2064,2555.3,0.05
2065,2396.8,0.05
2066,2835.35,0.05
2067,3007.4,0.05
2068,2996.15,0.05
2069,2846.45,0.05
2070,3263.4,0.05
2071,2846.35,0.05
2072,3150.3,0.05
2073,3110.9,0.05
2074,2631.75,0.05
2075,3100.35,0.05
2076,3233.8,0.05
2077,2840.0,0.05
2078,2866.25,0.05
2079,3055.05,0.05
2080,2822.95,0.05
2081,2970.3,0.05
2082,2807.75,0.05
2083,2720.7,0.05
2084,3119.2,0.05
2085,2166.9,0.05
2086,2916.5,0.05
2087,2351.45,0.05
2088,2349.65,0.05
2089,2589.05,0.05
2090,3052.1,0.05
2091,2883.4,0.05
2092,2858.95,0.05
2093,2961.2,0.05
2094,2527.3,0.05
2095,2508.3,0.05
2096,3244.8,0.05
2097,2309.9,0.05
2098,2906.3,0.05
2099,2249.35,0.05
2100,3014.85,0.05
2101,2933.1,0.05
2102,2609.35,0.05
2103,2960.75,0.05
2104,2145.75,0.05
2105,2404.45,0.05
2106,2548.95,0.05
2107,2783.3,0.05
2108,2759.2,0.05
2109,2943.0,0.05
2110,2875.35,0.05
2111,2529.0,0.05
2112,2913.05,0.05
2113,2474.5,0.05
2114,2971.25,0.05
2115,2373.8,0.05
2116,2701.5,0.05
2117,2846.0,0.05
2118,2211.05,0.05
2119,3301.0,0.05
2120,2644.65,0.05
2121,2272.25,0.05
2122,2811.55,0.05
2123,2884.25,0.05
2124,3314.6,0.05
2125,2292.75,0.05
2126,3372.55,0.05
2127,1961.95,0.05
2128,3624.7,0.05
2129,2910.4,0.05
2130,2785.55,0.05
2131,2837.3,0.05
2132,2193.2,0.05
2133,2771.65,0.05
2134,2732.35,0.05
2135,2890.2,0.05
2136,2765.1,0.05
2137,2439.45,0.05
2138,2856.8,0.05
2139,3025.5,0.05
2140,2478.0,0.05
2141,2853.9,0.05
2142,2407.7,0.05
2143,2482.6,0.05
2144,2563.15,0.05
2145,2932.0,0.05
2146,1957.5,0.05
2147,2777.65,0.05
2148,3307.2,0.05
2149,2432.05,0.05
2150,3029.9,0.05
2151,3121.15,0.05
2152,3333.65,0.05
2153,2716.7,0.05
2154,3046.55,0.05
2155,2799.0,0.05
2156,2773.5,0.05
2157,2555.1,0.05
2158,2659.3,0.05
2159,2692.1,0.05
2160,3001.75,0.05
2161,2756.45,0.05
2162,2584.7,0.05
2163,2061.55,0.05
2164,2380.1,0.05
2165,1654.55,0.05
2166,2474.3,0.05
2167,2894.3,0.05
2168,2093.85,0.05
2169,2197.1,0.05
2170,2530.6,0.05
2171,2715.4,0.05
2172,3031.45,0.05
2173,2263.25,0.05
2174,2322.9,0.05
2175,2782.3,0.05
2176,2064.0,0.05
2177,2852.15,0.05
2178,2640.85,0.05
2179,2178.6,0.05
2180,3372.75,0.05
2181,2666.65,0.05
2182,2568.7,0.05
2183,3139.8,0.05
2184,2810.55,0.05
2185,2633.85,0.05
2186,1602.55,0.05
2187,2454.05,0.05
2188,3262.15,0.05
2189,2495.7,0.05
2190,2761.1,0.05
2191,2605.15,0.05
2192,2772.0,0.05
2193,2857.5,0.05
2194,2340.75,0.05
2195,2193.25,0.05
2196,3019.6,0.05
2197,2634.45,0.05
2198,2524.05,0.05
2199,2710.3,0.05
2200,2555.0,0.05
2201,2020.9,0.05
2202,2114.95,0.05
2203,2346.85,0.05
2204,1797.95,0.05
2205,2814.5,0.05
2206,2486.15,0.05
2207,2834.4,0.05
2208,2873.65,0.05
2209,2890.7,0.05
2210,2447.3,0.05
2211,3005.75,0.05
2212,2341.6,0.05
2213,3038.65,0.05
2214,2423.9,0.05
2215,2470.65,0.05
2216,3033.9,0.05
2217,3006.8,0.05
2218,2734.8,0.05
2219,2671.45,0.05
2220,2724.0,0.05
2221,1861.65,0.05
2222,2604.6,0.05
2223,2824.1,0.05
2224,3109.05,0.05
2225,2964.35,0.05
2226,2503.2,0.05
2227,1958.95,0.05
2228,2780.95,0.05
2229,3052.3,0.05
2230,2357.1,0.05
2231,2818.2,0.05
2232,2761.15,0.05
2233,1978.85,0.05
2234,2985.25,0.05
2235,2991.15,0.05
2236,3150.1,0.05
2237,2768.15,0.05
2238,2587.25,0.05
2239,2527.2,0.05
2240,2822.95,0.05
2241,2199.45,0.05
2242,2751.45,0.05
2243,2853.25,0.05
2244,1964.5,0.05
2245,2624.75,0.05
2246,2962.4,0.05
2247,2202.9,0.05
2248,2805.65,0.05
2249,2743.65,0.05
2250,3041.3,0.05
2251,2330.15,0.05
2252,2878.35,0.05
2253,2599.15,0.05
2254,2711.25,0.05
2255,3279.65,0.05
2256,2712.1,0.05
2257,2871.9,0.05
2258,2965.75,0.05
2259,2002.75,0.05
2260,2235.85,0.05
2261,2779.75,0.05
2262,2482.55,0.05
2263,2590.2,0.05
2264,2870.15,0.05
2265,2824.6,0.05
2266,2007.4,0.05
2267,2665.3,0.05
2268,2910.55,0.05
2269,2366.25,0.05
2270,2686.65,0.05
2271,3020.05,0.05
2272,2571.8,0.05
2273,2641.15,0.05
2274,2691.5,0.05
2275,2578.95,0.05
2276,3046.1,0.05
2277,2907.3,0.05
2278,2802.2,0.05
2279,2413.4,0.05
2280,2422.55,0.05
2281,2938.75,0.05
2282,2916.45,0.05
2283,2753.7,0.05
2284,2875.4,0.05
2285,2552.15,0.05
2286,2754.2,0.05
2287,2879.25,0.05
2288,2662.6,0.05
2289,2710.55,0.05
2290,2497.25,0.05
2291,2714.45,0.05
2292,3078.6,0.05
2293,2514.6,0.05
2294,2776.0,0.05
2295,3101.2,0.05
2296,2980.45,0.05
2297,3015.4,0.05
2298,3084.25,0.05
2299,2611.9,0.05
2300,2692.3,0.05
2301,2655.9,0.05
2302,3079.55,0.05
2303,3062.3,0.05
2304,2801.45,0.05
2305,2829.85,0.05
2306,2450.15,0.05
2307,2780.8,0.05
2308,2936.9,0.05
2309,3581.35,0.05
2310,2631.2,0.05
2311,3340.3,0.05
2312,2867.95,0.05
2313,2989.7,0.05
2314,1772.15,0.05
2315,2606.05,0.05
2316,2795.65,0.05
2317,2807.85,0.05
2318,2543.5,0.05
2319,2905.7,0.05
2320,2252.55,0.05
2321,2938.1,0.05
2322,2839.9,0.05
2323,2585.15,0.05
2324,3239.6,0.05
2325,2777.65,0.05
2326,2730.15,0.05
2327,2800.45,0.05
2328,2885.25,0.05
2329,2526.0,0.05
2330,2958.8,0.05
2331,3146.95,0.05
2332,2863.95,0.05
2333,2937.55,0.05
2334,3017.95,0.05
2335,2362.65,0.05
2336,2657.5,0.05
2337,2994.9,0.05
2338,2951.25,0.05
2339,2420.0,0.05
2340,2898.1,0.05
2341,2961.85,0.05
2342,2541.05,0.05
2343,2372.95,0.05
2344,2387.15,0.05
2345,2797.55,0.05
2346,2753.15,0.05
2347,2628.6,0.05
2348,3217.7,0.05
2349,2783.35,0.05
2350,2539.45,0.05
2351,2566.65,0.05
2352,3059.7,0.05
2353,2763.95,0.05
2354,2241.85,0.05
2355,2573.9,0.05
2356,2034.8,0.05
2357,2167.25,0.05
2358,2677.95,0.05
2359,2679.9,0.05
2360,2214.6,0.05
2361,2116.3,0.05
2362,2272.9,0.05
2363,2267.6,0.05
2364,2372.75,0.05
2365,2634.15,0.05
2366,2579.45,0.05
2367,1740.4,0.05
2368,2660.55,0.05
2369,2794.9,0.05
2370,2263.2,0.05
2371,2920.95,0.05
2372,2753.95,0.05
2373,3177.5,0.05
2374,2322.4,0.05
2375,2565.5,0.05
2376,2937.35,0.05
2377,2945.0,0.05
2378,2788.6,0.05
2379,2179.55,0.05
2380,2627.7,0.05
2381,2580.4,0.05
2382,2526.35,0.05
2383,2593.45,0.05
2384,2991.15,0.05
2385,2564.85,0.05
2386,2822.9,0.05
2387,2272.6,0.05
2388,1956.05,0.05
2389,2023.3,0.05
2390,2036.95,0.05
2391,2603.2,0.05
2392,2971.65,0.05
2393,2314.4,0.05
2394,2815.7,0.05
2395,3124.95,0.05
2396,2115.6,0.05
2397,2615.55,0.05
2398,2807.0,0.05
2399,2970.7,0.05
2400,2086.95,0.05
2401,1643.85,0.05
2402,1950.2,0.05
2403,2891.65,0.05
2404,2558.25,0.05
2405,2262.55,0.05
2406,2775.65,0.05
2407,3247.05,0.05
2408,2693.6,0.05
2409,1898.4,0.05
2410,2856.55,0.05
2411,2632.9,0.05
2412,3197.7,0.05
2413,2966.4,0.05
2414,2873.55,0.05
2415,3903.1,0.05
2416,3149.3,0.05
2417,3358.05,0.05
2418,2953.35,0.05
2419,3369.4,0.05
2420,3300.8,0.05
2421,3245.95,0.05
2422,3128.95,0.05
2423,3149.1,0.05
2424,3494.2,0.05
2425,3576.25,0.05
2426,3620.1,0.05
2427,3164.0,0.05
2428,3154.9,0.05
2429,3352.1,0.05
2430,3209.15,0.05
2431,3358.4,0.05
2432,3647.95,0.05
2433,3217.6,0.05
2434,3655.3,0.05
2435,3492.0,0.05
2436,3429.35,0.05
2437,3338.6,0.05
2438,2381.45,0.05
2439,2868.45,0.05
2440,3182.9,0.05
2441,3074.95,0.05
2442,3325.55,0.05
2443,2950.85,0.05
2444,2672.25,0.05
2445,2609.5,0.05
2446,2836.95,0.05
2447,2961.2,0.05
2448,2501.2,0.05
2449,3494.7,0.05
2450,3000.85,0.05
2451,2642.75,0.05
2452,3246.6,0.05
2453,3176.9,0.05
2454,3224.1,0.05
2455,2338.05,0.05
2456,3400.25,0.05
2457,3415.3,0.05
2458,3442.45,0.05
2459,3077.6,0.05
2460,3811.35,0.05
2461,3649.45,0.05
2462,3650.9,0.05
2463,3675.8,0.05
2464,3248.7,0.05
2465,3670.25,0.05
2466,3122.45,0.05
2467,2600.8,0.05
2468,3313.6,0.05
2469,3424.4,0.05
2470,3261.05,0.05
2471,3351.95,0.05
2472,3051.3,0.05
2473,2861.25,0.05
2474,3101.35,0.05
2475,2582.55,0.05
2476,3211.4,0.05
2477,3045.9,0.05
2478,2900.3,0.05
2479,2339.7,0.05
2480,3002.1,0.05
2481,3076.5,0.05
2482,3298.9,0.05
2483,3309.4,0.05
2484,3144.65,0.05
2485,3615.6,0.05
2486,3817.25,0.05
2487,3801.25,0.05
2488,3071.35,0.05
2489,3672.25,0.05
2490,4107.2,0.05
2491,3221.4,0.05
2492,3098.95,0.05
2493,3056.95,0.05
2494,3324.85,0.05
2495,3822.45,0.05
2496,3496.4,0.05
2497,3596.4,0.05
2498,3715.95,0.05
2499,3462.45,0.05
2500,3148.1,0.05
2501,3102.0,0.05
2502,3330.85,0.05
2503,3699.3,0.05
2504,3458.6,0.05
2505,2808.3,0.05
2506,3612.05,0.05
2507,2882.55,0.05
2508,3595.8,0.05
2509,4184.35,0.05
2510,3446.1,0.05
2511,4091.15,0.05
2512,3386.45,0.05
2513,3397.55,0.05
2514,3620.85,0.05
2515,3457.55,0.05
2516,3074.7,0.05
2517,2925.15,0.05
2518,2805.55,0.05
2519,3250.95,0.05
2520,3295.65,0.05
2521,3001.0,0.05
2522,3065.55,0.05
2523,3634.05,0.05
2524,3411.35,0.05
2525,3566.05,0.05
2526,3456.3,0.05
2527,2710.6,0.05
2528,2747.5,0.05
2529,3146.95,0.05
2530,3127.85,0.05
2531,3242.6,0.05
2532,2382.45,0.05
2533,3542.25,0.05
2534,3150.95,0.05
2535,2863.1,0.05
2536,3120.3,0.05
2537,3381.05,0.05
2538,3208.05,0.05
2539,3272.9,0.05
2540,3017.8,0.05
2541,3451.4,0.05
2542,3447.0,0.05
2543,2747.6,0.05
2544,2893.85,0.05
2545,3032.8,0.05
2546,3563.95,0.05
2547,3285.85,0.05
2548,2798.3,0.05
2549,3426.45,0.05
2550,3000.7,0.05
2551,3422.85,0.05
2552,2876.8,0.05
2553,3843.6,0.05
2554,3093.6,0.05
2555,3127.85,0.05
2556,2946.3,0.05
2557,2983.8,0.05
2558,2750.5,0.05
2559,3494.35,0.05
2560,3812.65,0.05
2561,3386.1,0.05
2562,3402.9,0.05
2563,3022.75,0.05
2564,2941.5,0.05
2565,2929.15,0.05
2566,2854.2,0.05
2567,2930.5,0.05
2568,3024.6,0.05
2569,3079.65,0.05
2570,2989.95,0.05
2571,2702.45,0.05
2572,2599.65,0.05
2573,2755.0,0.05
2574,3316.25,0.05
2575,2972.65,0.05
2576,3029.35,0.05
2577,2656.65,0.05
2578,2923.45,0.05
2579,2408.15,0.05
2580,2705.2,0.05
2581,3236.55,0.05
2582,3121.1,0.05
2583,3514.1,0.05
2584,2754.15,0.05
2585,3276.75,0.05
2586,3344.45,0.05
2587,2821.45,0.05
2588,3071.2,0.05
2589,2662.45,0.05
2590,2998.3,0.05
2591,2665.3,0.05
2592,2717.6,0.05
2593,2869.05,0.05
2594,3255.15,0.05
2595,3399.35,0.05
2596,3061.85,0.05
2597,3153.85,0.05
2598,2872.3,0.05
2599,2837.55,0.05
2600,3226.1,0.05
2601,2991.75,0.05
2602,2578.3,0.05
2603,1987.6,0.05
2604,2448.65,0.05
2605,2111.75,0.05
2606,1943.85,0.05
2607,1718.3,0.05
2608,1352.75,0.05
2609,1975.7,0.05
2610,2369.65,0.05
2611,2383.7,0.05
2612,2653.65,0.05
2613,2487.75,0.05
2614,2486.9,0.05
2615,2655.95,0.05
2616,2460.0,0.05
2617,3194.95,0.05
2618,2953.3,0.05
2619,3424.5,0.05
2620,2692.9,0.05
2621,2274.6,0.05
2622,2540.15,0.05
2623,2941.2,0.05
2624,2562.2,0.05
2625,2908.25,0.05
2626,2852.5,0.05
2627,2752.3,0.05
2628,3156.5,0.05
2629,3185.7,0.05
2630,2804.3,0.05
2631,3746.2,0.05
2632,2980.05,0.05
2633,3227.5,0.05
2634,2623.2,0.05
2635,3403.75,0.05
2636,3424.35,0.05
2637,3119.3,0.05
2638,2717.8,0.05
2639,3470.85,0.05
2640,2213.25,0.05
2641,2962.6,0.05
2642,2774.15,0.05
2643,3694.65,0.05
2644,2522.9,0.05
2645,2867.95,0.05
2646,3375.6,0.05
2647,2070.55,0.05
2648,2452.8,0.05
2649,2183.25,0.05
2650,2782.95,0.05
2651,1837.25,0.05
2652,3210.15,0.05
2653,2567.8,0.05
2654,3297.95,0.05
2655,3027.8,0.05
2656,2748.9,0.05
2657,2678.75,0.05
2658,2797.85,0.05
2659,2338.9,0.05
2660,1758.75,0.05
2661,3191.05,0.05
2662,2505.85,0.05
2663,2807.1,0.05
2664,2572.25,0.05
2665,3447.6,0.05
2666,2951.25,0.05
2667,2980.25,0.05
2668,2078.4,0.05
2669,2209.95,0.05
2670,3489.65,0.05
2671,2878.45,0.05
2672,2974.95,0.05
2673,3133.65,0.05
2674,2807.7,0.05
2675,3411.35,0.05
2676,2694.25,0.05
2677,2452.75,0.05
2678,2913.1,0.05
2679,2390.3,0.05
2680,4030.05,0.05
2681,3820.55,0.05
2682,2819.7,0.05
2683,3117.85,0.05
2684,3615.5,0.05
2685,3291.45,0.05
2686,3854.75,0.05
2687,3601.4,0.05
2688,3292.3,0.05
2689,3573.75,0.05
2690,3076.4,0.05
2691,3339.5,0.05
2692,3283.2,0.05
2693,4301.2,0.05
2694,4132.5,0.05
2695,2980.5,0.05
2696,3042.05,0.05
2697,4381.95,0.05
2698,3759.65,0.05
2699,3646.3,0.05
2700,3492.3,0.05
2701,3673.4,0.05
2702,3636.8,0.05
2703,3158.05,0.05
2704,2969.35,0.05
2705,3403.15,0.05
2706,2754.6,0.05
2707,3392.4,0.05
2708,3895.9,0.05
2709,3347.95,0.05
2710,3407.5,0.05
2711,3044.8,0.05
2712,3701.65,0.05
2713,2907.9,0.05
2714,2937.05,0.05
2715,2704.9,0.05
2716,2563.75,0.05
2717,2665.6,0.05
2718,2507.0,0.05
2719,2836.9,0.05
2720,2613.35,0.05
2721,3242.95,0.05
2722,3503.45,0.05
2723,3111.5,0.05
2724,2953.5,0.05
2725,3392.9,0.05
2726,3484.05,0.05
2727,3569.85,0.05
2728,2550.0,0.05
2729,2201.5,0.05
2730,2359.4,0.05
2731,2006.1,0.05
2732,2270.0,0.05
2733,2840.5,0.05
2734,3694.5,0.05
2735,3396.75,0.05
2736,3181.85,0.05
2737,3252.5,0.05
2738,3436.1,0.05
2739,3271.15,0.05
2740,3443.15,0.05
2741,3086.05,0.05
2742,3118.65,0.05
2743,3694.4,0.05
2744,3030.9,0.05
2745,3007.0,0.05
2746,3702.75,0.05
2747,3474.35,0.05
2748,2874.1,0.05
2749,3029.9,0.05
2750,3535.35,0.05
2751,3833.2,0.05
2752,2772.05,0.05
2753,2794.45,0.05
2754,3079.6,0.05
2755,3448.6,0.05
2756,3282.7,0.05
2757,3293.75,0.05
2758,3199.0,0.05
2759,2978.6,0.05
2760,2776.45,0.05
2761,2987.05,0.05
2762,3096.05,0.05
2763,2074.5,0.05
2764,2679.45,0.05
2765,2957.5,0.05
2766,3361.4,0.05
2767,3351.65,0.05
2768,2782.45,0.05
2769,2546.2,0.05
2770,3291.3,0.05
2771,2973.7,0.05
2772,3032.2,0.05
2773,3145.3,0.05
2774,3416.65,0.05
2775,3411.45,0.05
2776,2910.4,0.05
2777,3368.1,0.05
2778,3012.3,0.05
2779,3349.15,0.05
2780,3121.0,0.05
2781,3625.45,0.05
2782,3217.75,0.05
2783,3330.4,0.05
2784,3268.4,0.05
2785,3388.15,0.05
2786,3358.95,0.05
2787,3404.35,0.05
2788,4000.0,0.05
2789,3616.8,0.05
2790,2602.9,0.05
2791,4278.5,0.05
2792,3970.85,0.05
2793,3805.9,0.05
2794,3559.35,0.05
2795,3772.15,0.05
2796,3630.5,0.05
2797,4074.15,0.05
2798,3600.8,0.05
2799,3340.0,0.05
2800,3733.75,0.05
2801,3239.0,0.05
2802,3873.9,0.05
2803,3761.6,0.05
2804,3762.95,0.05
2805,3022.8,0.05
2806,3489.55,0.05
2807,3791.35,0.05
2808,3267.1,0.05
2809,3839.95,0.05
2810,3305.3,0.05
2811,3713.5,0.05
2812,4260.1,0.05
2813,3253.6,0.05
2814,3805.9,0.05
2815,3678.55,0.05
2816,3793.35,0.05
2817,3953.45,0.05
2818,3780.2,0.05
2819,3061.95,0.05
2820,4081.4,0.05
2821,4152.9,0.05
2822,3728.6,0.05
2823,3615.6,0.05
2824,4226.3,0.05
2825,3335.85,0.05
2826,3560.7,0.05
2827,4606.45,0.05
2828,3568.15,0.05
2829,4024.0,0.05
2830,2975.45,0.05
2831,3073.3,0.05
2832,3144.4,0.05
2833,3482.25,0.05
2834,3346.9,0.05
2835,3397.15,0.05
2836,3249.45,0.05
2837,3476.75,0.05
2838,2765.15,0.05
2839,3183.0,0.05
2840,3119.55,0.05
2841,3384.8,0.05
2842,3041.25,0.05
2843,2340.15,0.05
2844,3715.9,0.05
2845,3679.1,0.05
2846,3841.6,0.05
2847,3312.5,0.05
2848,3542.15,0.05
2849,3274.25,0.05
2850,3570.4,0.05
2851,3773.6,0.05
2852,4019.95,0.05
2853,4092.9,0.05
2854,3240.3,0.05
2855,3080.9,0.05
2856,3345.55,0.05
2857,3471.55,0.05
2858,3611.75,0.05
2859,3521.25,0.05
2860,3397.05,0.05
2861,3587.8,0.05
2862,3421.05,0.05
2863,3101.75,0.05
2864,2995.95,0.05
2865,3005.6,0.05
2866,3061.1,0.05
2867,2741.65,0.05
2868,2745.25,0.05
2869,2832.75,0.05
2870,2750.3,0.05
2871,2661.65,0.05
2872,2949.75,0.05
2873,3089.5,0.05
2874,3258.15,0.05
2875,2731.2,0.05
2876,2741.45,0.05
2877,3356.9,0.05
2878,3287.35,0.05
2879,3557.95,0.05
2880,3424.1,0.05
2881,3090.3,0.05
2882,2655.65,0.05
2883,2515.0,0.05
2884,2995.7,0.05
2885,3165.4,0.05
2886,3627.8,0.05
2887,3109.65,0.05
2888,3734.55,0.05
2889,3089.65,0.05
2890,3212.65,0.05
2891,3209.4,0.05
2892,2939.1,0.05
2893,3161.5,0.05
2894,2722.3,0.05
2895,3318.05,0.05
2896,2572.85,0.05
2897,3234.3,0.05
2898,2441.3,0.05
2899,2765.15,0.05
2900,2532.3,0.05
2901,2445.5,0.05
2902,2337.5,0.05
2903,2430.25,0.05
2904,1990.2,0.05
2905,2889.8,0.05
2906,2537.6,0.05
2907,2911.55,0.05
2908,2542.9,0.05
2909,2909.95,0.05
2910,3965.6,0.05
2911,3263.6,0.05
2912,2837.35,0.05
2913,2990.55,0.05
2914,2869.7,0.05
2915,2969.25,0.05
2916,3033.85,0.05
2917,3568.45,0.05
2918,2583.6,0.05
2919,2530.65,0.05
2920,2390.35,0.05
2921,2546.9,0.05
2922,2573.85,0.05
2923,3030.5,0.05
2924,2419.05,0.05
2925,2440.8,0.05
2926,2723.35,0.05
2927,2554.7,0.05
2928,3116.75,0.05
2929,3359.75,0.05
2930,3119.55,0.05
2931,2816.55,0.05
2932,2750.05,0.05
2933,2154.45,0.05
2934,3346.0,0.05
2935,2729.8,0.05
2936,2637.5,0.05
2937,2309.85,0.05
2938,2516.6,0.05
2939,4020.6,0.05
2940,3314.4,0.05
2941,3352.9,0.05
2942,3365.9,0.05
2943,2784.15,0.05
2944,3023.0,0.05
2945,3400.85,0.05
2946,3393.5,0.05
2947,2590.45,0.05
2948,2478.45,0.05
2949,3059.25,0.05
2950,2881.6,0.05
2951,2790.8,0.05
2952,2972.95,0.05
2953,2823.15,0.05
2954,3214.65,0.05
2955,2502.25,0.05
2956,3299.6,0.05
2957,3547.25,0.05
2958,3137.35,0.05
2959,3448.95,0.05
2960,3460.2,0.05
2961,3640.15,0.05
2962,4059.15,0.05
2963,3629.35,0.05
2964,3144.25,0.05
2965,2224.3,0.05
2966,2934.65,0.05
2967,3009.15,0.05
2968,3164.35,0.05
2969,3637.3,0.05
2970,3541.35,0.05
2971,3215.4,0.05
2972,3060.65,0.05
2973,3455.6,0.05
2974,3362.7,0.05
2975,2991.15,0.05
2976,3080.25,0.05
2977,3067.05,0.05
2978,3252.45,0.05
2979,3087.35,0.05
2980,3368.3,0.05
2981,2909.05,0.05
2982,3219.15,0.05
2983,2731.9,0.05
2984,3189.1,0.05
2985,4091.0,0.05
2986,3230.0,0.05
2987,3484.1,0.05
2988,3112.8,0.05
2989,3566.2,0.05
2990,3674.2,0.05
2991,3280.5,0.05
2992,3377.8,0.05
2993,3536.4,0.05
2994,3115.15,0.05
2995,3649.45,0.05
2996,3057.55,0.05
2997,3015.4,0.05
2998,2885.4,0.05
2999,3387.6,0.05
3000,2728.9,0.05
3001,3307.8,0.05
3002,2781.5,0.05
3003,2862.8,0.05
3004,3102.9,0.05
3005,2432.05,0.05
3006,2721.4,0.05
3007,3300.05,0.05
3008,3043.3,0.05
3009,3633.55,0.05
3010,3071.2,0.05
3011,2639.6,0.05
3012,2890.65,0.05
3013,3501.95,0.05
3014,2478.0,0.05
3015,3094.75,0.05
3016,2672.8,0.05
3017,3389.1,0.05
3018,2640.1,0.05
3019,3684.6,0.05
3020,3663.25,0.05
3021,3175.5,0.05
3022,3038.4,0.05
3023,3447.4,0.05
3024,3198.0,0.05
3025,2262.6,0.05
3026,2900.8,0.05
3027,3042.7,0.05
3028,2103.05,0.05
3029,3212.45,0.05
3030,2532.25,0.05
3031,2511.15,0.05
3032,3159.75,0.05
3033,2905.3,0.05
3034,2376.55,0.05
3035,2971.2,0.05
3036,3596.0,0.05
3037,3306.1,0.05
3038,3927.85,0.05
3039,3980.3,0.05
3040,3374.05,0.05
3041,3069.15,0.05
3042,3405.4,0.05
3043,3297.0,0.05
3044,3504.6,0.05
3045,3584.95,0.05
3046,3608.95,0.05
3047,3205.2,0.05
3048,4010.35,0.05
3049,3409.95,0.05
3050,3502.25,0.05
3051,2984.9,0.05
3052,3027.1,0.05
3053,3539.0,0.05
3054,3914.2,0.05
3055,3307.85,0.05
3056,3112.0,0.05
3057,3596.15,0.05
3058,3884.4,0.05
3059,4075.0,0.05
3060,3388.2,0.05
3061,3987.75,0.05
3062,3367.05,0.05
3063,3996.75,0.05
3064,3793.55,0.05
3065,3792.75,0.05
3066,3082.2,0.05
3067,3648.95,0.05
3068,3232.0,0.05
3069,3378.35,0.05
3070,4046.55,0.05
3071,3986.35,0.05
3072,3556.3,0.05
3073,3322.7,0.05
3074,3439.85,0.05
3075,3464.95,0.05
3076,2879.5,0.05
3077,4170.9,0.05
3078,3864.05,0.05
3079,3630.15,0.05
3080,3376.35,0.05
3081,3408.25,0.05
3082,3707.6,0.05
3083,3826.25,0.05
3084,3801.2,0.05
3085,4314.15,0.05
3086,4199.15,0.05
3087,3812.9,0.05
3088,3381.45,0.05
3089,3670.05,0.05
3090,3883.25,0.05
3091,3815.15,0.05
3092,4271.8,0.05
3093,3429.3,0.05
3094,4184.45,0.05
3095,3676.25,0.05
3096,4165.2,0.05
3097,4113.0,0.05
3098,3861.05,0.05
3099,4071.25,0.05
3100,3500.55,0.05
3101,3980.35,0.05
3102,3656.55,0.05
3103,4227.55,0.05
3104,3527.7,0.05
3105,3277.75,0.05
3106,2722.5,0.05
3107,3937.45,0.05
3108,3332.5,0.05
3109,2590.2,0.05
3110,3193.4,0.05
3111,3064.95,0.05
3112,3444.4,0.05
3113,3351.15,0.05
3114,3216.95,0.05
3115,3421.45,0.05
3116,3294.55,0.05
3117,2626.1,0.05
3118,3163.2,0.05
3119,3133.8,0.05
3120,3750.1,0.05
3121,3378.05,0.05
3122,3324.15,0.05
3123,3291.85,0.05
3124,3706.4,0.05
3125,4245.6,0.05
3126,3439.7,0.05
3127,3875.6,0.05
3128,3770.0,0.05
3129,3157.65,0.05
3130,3719.45,0.05
3131,3839.3,0.05
3132,4104.7,0.05
3133,3880.8,0.05
3134,3125.3,0.05
3135,3695.9,0.05
3136,3106.1,0.05
3137,3753.6,0.05
3138,3750.25,0.05
3139,3387.85,0.05
3140,3817.65,0.05
3141,3835.95,0.05
3142,4005.9,0.05
3143,2968.1,0.05
3144,2999.45,0.05
3145,3539.65,0.05
3146,3657.05,0.05
3147,4034.35,0.05
3148,4289.5,0.05
3149,2895.15,0.05
3150,3850.3,0.05
3151,3526.7,0.05
3152,4210.8,0.05
3153,4193.55,0.05
3154,3761.35,0.05
3155,3806.1,0.05
3156,3977.1,0.05
3157,3915.3,0.05
3158,3650.55,0.05
3159,3851.35,0.05
3160,3640.1,0.05
3161,3771.5,0.05
3162,3736.2,0.05
3163,3901.6,0.05
3164,3500.0,0.05
3165,3947.9,0.05
3166,4219.3,0.05
3167,4117.85,0.05
3168,3382.55,0.05
3169,3941.55,0.05
3170,3789.5,0.05
3171,3861.2,0.05
3172,3609.3,0.05
3173,3857.6,0.05
3174,3924.85,0.05
3175,3643.1,0.05
3176,3793.15,0.05
3177,3799.95,0.05
3178,3036.2,0.05
3179,4168.0,0.05
3180,4154.9,0.05
3181,4050.55,0.05
3182,3709.75,0.05
3183,4139.7,0.05
3184,3303.1,0.05
3185,3237.5,0.05
3186,3698.0,0.05
3187,3965.65,0.05
3188,3218.1,0.05
3189,3828.85,0.05
3190,3398.9,0.05
3191,3923.85,0.05
3192,3793.6,0.05
3193,3578.7,0.05
3194,4227.95,0.05
3195,3538.85,0.05
3196,3201.2,0.05
3197,4102.0,0.05
3198,3227.7,0.05
3199,3831.35,0.05
3200,3694.3,0.05
3201,3820.45,0.05
3202,3873.9,0.05
3203,3525.05,0.05
3204,3890.05,0.05
3205,3706.7,0.05
3206,4185.85,0.05
3207,4130.2,0.05
3208,3744.3,0.05
3209,4221.1,0.05
3210,3875.05,0.05
3211,4278.15,0.05
3212,3186.05,0.05
3213,3861.5,0.05
3214,3898.7,0.05
3215,4195.95,0.05
3216,3553.8,0.05
3217,4103.6,0.05
3218,3681.1,0.05
3219,3777.75,0.05
3220,4196.95,0.05
3221,3651.55,0.05
3222,4022.25,0.05
3223,3974.3,0.05
3224,3877.6,0.05
3225,3687.55,0.05
3226,3528.9,0.05
3227,3964.55,0.05
3228,4237.0,0.05
3229,3379.75,0.05
3230,3726.05,0.05
3231,3732.3,0.05
3232,4185.1,0.05
3233,3592.7,0.05
3234,3909.0,0.05
3235,3848.8,0.05
3236,3899.1,0.05
3237,3581.0,0.05
3238,4138.35,0.05
3239,3863.55,0.05
3240,3468.5,0.05
3241,3859.4,0.05
3242,3802.1,0.05
3243,3684.9,0.05
3244,3556.15,0.05
3245,3338.0,0.05
3246,3557.6,0.05
3247,3833.35,0.05
3248,3684.3,0.05
3249,3717.95,0.05
3250,3731.0,0.05
3251,3965.25,0.05
3252,3875.4,0.05
3253,3187.35,0.05
3254,3137.85,0.05
3255,4067.15,0.05
3256,4450.75,0.05
3257,3936.5,0.05
3258,3571.1,0.05
3259,3855.85,0.05
3260,3912.85,0.05
3261,3495.85,0.05
3262,4033.5,0.05
3263,3717.6,0.05
3264,3935.15,0.05
3265,3955.1,0.05
3266,4502.25,0.05
3267,3776.95,0.05
3268,3466.1,0.05
3269,4051.55,0.05
3270,3440.2,0.05
3271,3556.95,0.05
3272,3466.95,0.05
3273,3653.8,0.05
3274,3301.6,0.05
3275,3698.5,0.05
3276,3464.35,0.05
3277,3646.6,0.05
3278,3166.7,0.05
3279,3435.05,0.05
3280,3458.0,0.05
3281,3421.45,0.05
3282,3088.15,0.05
3283,3660.3,0.05
3284,3515.15,0.05
3285,3078.2,0.05
3286,3288.8,0.05
3287,3340.15,0.05
3288,3531.15,0.05
3289,4048.85,0.05
3290,2773.65,0.05
3291,3437.8,0.05
3292,3882.5,0.05
3293,3170.65,0.05
3294,3845.25,0.05
3295,3414.95,0.05
3296,3443.1,0.05
3297,3654.75,0.05
3298,3986.65,0.05
3299,4002.1,0.05
3300,3254.15,0.05
3301,3811.35,0.05
3302,3767.15,0.05
3303,3667.3,0.05
3304,3126.65,0.05
3305,3844.85,0.05
3306,3399.8,0.05
3307,3755.75,0.05
3308,3555.8,0.05
3309,3695.35,0.05
3310,3652.0,0.05
3311,3530.05,0.05
3312,3493.3,0.05
3313,3162.35,0.05
3314,3790.7,0.05
3315,3678.25,0.05
3316,3433.8,0.05
3317,4134.75,0.05
3318,3584.55,0.05
3319,3624.9,0.05
3320,3549.4,0.05
3321,4442.05,0.05
3322,3861.9,0.05
3323,3950.3,0.05
3324,3429.45,0.05
3325,3806.9,0.05
3326,3761.85,0.05
3327,3844.55,0.05
3328,3600.65,0.05
3329,3889.9,0.05
3330,3873.05,0.05
3331,3735.7,0.05
3332,3381.65,0.05
3333,3866.6,0.05
3334,3878.5,0.05
3335,3524.3,0.05
3336,3963.55,0.05
3337,3121.0,0.05
3338,3176.4,0.05
3339,3673.2,0.05
3340,3849.85,0.05
3341,3962.45,0.05
3342,3132.45,0.05
3343,3469.0,0.05
3344,3649.45,0.05
3345,3781.2,0.05
3346,3009.3,0.05
3347,3016.2,0.05
3348,3355.85,0.05
3349,3537.7,0.05
3350,3916.55,0.05
3351,3454.8,0.05
3352,3505.2,0.05
3353,3771.25,0.05
3354,3176.15,0.05
3355,3601.1,0.05
3356,3291.4,0.05
3357,3117.2,0.05
3358,3250.8,0.05
3359,3510.9,0.05
3360,3184.4,0.05
3361,2807.2,0.05
3362,3171.15,0.05
3363,3131.5,0.05
3364,3109.15,0.05
3365,3506.9,0.05
3366,2183.55,0.05
3367,2939.55,0.05
3368,2490.75,0.05
3369,2331.3,0.05
3370,2964.5,0.05
3371,3022.3,0.05
3372,3244.3,0.05
3373,2815.1,0.05
3374,3050.85,0.05
3375,3313.4,0.05
3376,3112.5,0.05
3377,3206.4,0.05
3378,3085.95,0.05
3379,2847.55,0.05
3380,2173.5,0.05
3381,2168.55,0.05
3382,2446.95,0.05
3383,2293.5,0.05
3384,2245.7,0.05
3385,2241.45,0.05
3386,2049.55,0.05
3387,1633.55,0.05
3388,2502.3,0.05
3389,2612.5,0.05
3390,2375.25,0.05
3391,3407.35,0.05
3392,2852.7,0.05
3393,3120.25,0.05
3394,3164.8,0.05
3395,2912.05,0.05
3396,2909.9,0.05
3397,2316.8,0.05
3398,2709.2,0.05
3399,3125.35,0.05
3400,2794.55,0.05
3401,2699.45,0.05
3402,2839.7,0.05
3403,2267.6,0.05
3404,1508.65,0.05
3405,1718.65,0.05
3406,2143.05,0.05
3407,2030.55,0.05
3408,2177.7,0.05
3409,1899.85,0.05
3410,959.6,0.05
3411,2095.3,0.05
3412,2463.5,0.05
3413,3104.15,0.05
3414,2553.7,0.05
3415,3247.1,0.05
3416,2447.95,0.05
3417,2983.55,0.05
3418,2430.55,0.05
3419,2978.6,0.05
3420,2639.8,0.05
3421,2242.1,0.05
3422,2297.7,0.05
3423,2249.15,0.05
3424,2475.25,0.05
3425,2664.45,0.05
3426,2619.1,0.05
3427,2431.15,0.05
3428,2356.65,0.05
3429,2712.15,0.05
3430,2631.95,0.05
3431,2581.15,0.05
3432,2707.55,0.05
3433,2361.9,0.05
3434,1848.85,0.05
3435,2617.55,0.05
3436,2995.45,0.05
3437,2351.45,0.05
3438,2873.45,0.05
3439,2669.3,0.05
3440,2863.7,0.05
3441,2308.6,0.05
3442,2682.35,0.05
3443,1965.25,0.05
3444,2748.95,0.05
3445,2848.9,0.05
3446,2475.3,0.05
3447,2117.4,0.05
3448,2257.8,0.05
3449,2105.4,0.05
3450,2060.25,0.05
3451,2368.45,0.05
3452,2713.0,0.05
3453,2700.35,0.05
3454,3288.65,0.05
3455,2022.6,0.05
3456,2336.6,0.05
3457,2445.65,0.05
3458,2447.3,0.05
3459,3043.3,0.05
3460,2900.65,0.05
3461,2474.8,0.05
3462,3038.75,0.05
3463,2335.7,0.05
3464,2598.85,0.05
3465,2349.75,0.05
3466,3466.2,0.05
3467,2595.1,0.05
3468,3005.35,0.05
3469,2641.55,0.05
3470,3013.25,0.05
3471,2712.45,0.05
3472,2852.8,0.05
3473,2811.1,0.05
3474,2481.25,0.05
3475,3160.05,0.05
3476,3888.65,0.05
3477,3362.15,0.05
3478,2515.85,0.05
3479,3454.3,0.05
3480,3004.15,0.05
3481,3697.2,0.05
3482,3184.1,0.05
3483,3597.8,0.05
3484,2953.75,0.05
3485,2745.85,0.05
3486,3094.65,0.05
3487,3244.75,0.05
3488,3164.65,0.05
3489,2639.45,0.05
3490,3301.7,0.05
3491,3298.75,0.05
3492,2701.75,0.05
3493,3172.25,0.05
3494,3596.95,0.05
3495,2946.55,0.05
3496,2794.15,0.05
3497,2322.85,0.05
3498,3339.25,0.05
3499,3447.0,0.05
3500,2724.1,0.05
3501,2605.15,0.05
3502,2756.65,0.05
3503,2808.1,0.05
3504,3241.9,0.05
3505,2876.05,0.05
3506,2814.45,0.05
3507,2657.9,0.05
3508,2633.8,0.05
3509,2157.3,0.05
3510,2119.05,0.05
3511,2373.2,0.05
3512,2929.7,0.05
3513,2662.35,0.05
3514,2348.45,0.05
3515,3433.3,0.05
3516,2794.8,0.05
3517,3865.35,0.05
3518,2367.6,0.05
3519,3001.0,0.05
3520,2190.5,0.05
3521,2222.0,0.05
3522,2853.0,0.05
3523,2441.15,0.05
3524,2912.55,0.05
3525,2953.6,0.05
3526,3317.8,0.05
3527,3077.3,0.05
3528,3212.9,0.05
3529,2303.4,0.05
3530,3224.05,0.05
3531,3157.0,0.05
3532,3240.6,0.05
3533,1836.95,0.05
3534,2829.75,0.05
3535,2744.3,0.05
3536,2631.95,0.05
3537,3429.25,0.05
3538,3505.5,0.05
3539,3522.45,0.05
3540,2782.05,0.05
3541,2814.8,0.05
3542,2832.9,0.05
3543,3506.0,0.05
3544,3037.1,0.05
3545,3435.7,0.05
3546,3183.2,0.05
3547,3175.9,0.05
3548,2683.55,0.05
3549,3098.15,0.05
3550,2850.95,0.05
3551,3147.45,0.05
3552,3256.8,0.05
3553,3720.3,0.05
3554,2942.25,0.05
3555,2821.65,0.05
3556,2744.95,0.05
3557,2904.1,0.05
3558,2740.05,0.05
3559,2964.4,0.05
3560,2999.15,0.05
3561,3470.7,0.05
3562,3156.05,0.05
3563,2314.95,0.05
3564,3548.0,0.05
3565,3264.55,0.05
3566,3619.3,0.05
3567,3343.85,0.05
3568,3390.65,0.05
3569,3888.55,0.05
3570,3853.4,0.05
3571,3589.95,0.05
3572,3796.9,0.05
3573,3762.55,0.05
3574,3350.45,0.05
3575,3413.6,0.05
3576,3321.95,0.05
3577,3760.75,0.05
3578,3836.95,0.05
3579,3425.7,0.05
3580,2726.0,0.05
3581,3533.35,0.05
3582,3772.0,0.05
3583,3293.05,0.05
3584,3389.75,0.05
3585,2856.2,0.05
3586,3507.05,0.05
3587,3181.65,0.05
3588,3109.6,0.05
3589,3078.55,0.05
3590,2979.35,0.05
3591,2916.85,0.05
3592,2512.6,0.05
3593,2391.55,0.05
3594,3048.2,0.05
3595,3097.6,0.05
3596,2976.6,0.05
3597,3587.2,0.05
3598,2990.15,0.05
3599,3180.95,0.05
3600,3036.85,0.05
3601,2611.15,0.05
3602,3025.45,0.05
3603,2705.95,0.05
3604,2786.1,0.05
3605,3170.7,0.05
3606,2509.6,0.05
3607,2931.45,0.05
3608,2725.85,0.05
3609,2866.55,0.05
3610,2943.0,0.05
3611,2670.65,0.05
3612,2689.3,0.05
3613,2485.0,0.05
3614,2237.95,0.05
3615,2177.5,0.05
3616,2830.3,0.05
3617,2407.0,0.05
3618,3006.4,0.05
3619,2704.9,0.05
3620,2407.2,0.05
3621,2161.05,0.05
3622,3267.25,0.05
3623,2511.8,0.05
3624,2887.95,0.05
3625,3387.15,0.05
3626,2672.8,0.05
3627,2373.0,0.05
3628,2905.65,0.05
3629,3835.05,0.05
3630,3556.85,0.05
3631,3045.85,0.05
3632,2861.1,0.05
3633,3387.0,0.05
3634,3422.95,0.05
3635,3200.55,0.05
3636,3590.5,0.05
3637,3016.5,0.05
3638,4004.2,0.05
3639,3254.1,0.05
3640,3767.1,0.05
3641,3210.05,0.05
3642,3701.8,0.05
3643,3984.15,0.05
3644,3013.1,0.05
3645,2715.75,0.05
3646,3399.55,0.05
3647,3333.7,0.05
3648,3149.85,0.05
3649,3176.4,0.05
3650,3382.7,0.05
3651,3720.9,0.05
3652,3479.8,0.05
3653,3538.05,0.05
3654,3224.1,0.05
3655,2995.85,0.05
3656,3508.05,0.05
3657,2319.3,0.05
3658,3517.35,0.05
3659,3506.6,0.05
3660,3654.75,0.05
3661,3524.3,0.05
3662,3167.8,0.05
3663,3554.55,0.05
3664,3096.55,0.05
3665,3709.65,0.05
3666,3507.55,0.05
3667,3186.95,0.05
3668,3914.9,0.05
3669,3562.6,0.05
3670,4108.8,0.05
3671,3689.85,0.05
3672,3168.25,0.05
3673,3962.9,0.05
3674,3357.4,0.05
3675,3484.1,0.05
3676,3142.9,0.05
3677,3342.75,0.05
3678,3777.65,0.05
3679,3015.5,0.05
3680,3636.65,0.05
3681,3208.05,0.05
3682,3889.35,0.05
3683,3817.9,0.05
3684,3822.15,0.05
3685,3861.85,0.05
3686,3978.9,0.05
3687,3849.55,0.05
3688,3835.25,0.05
3689,3938.55,0.05
3690,3227.3,0.05
3691,3577.25,0.05
3692,2966.15,0.05
3693,2867.5,0.05
3694,3896.7,0.05
3695,3132.75,0.05
3696,2857.6,0.05
3697,3470.95,0.05
3698,4294.9,0.05
3699,2930.0,0.05
3700,3257.25,0.05
3701,3408.35,0.05
3702,3184.35,0.05
3703,2819.0,0.05
3704,3674.55,0.05
3705,3196.7,0.05
3706,3551.8,0.05
3707,3945.05,0.05
3708,3530.55,0.05
3709,3508.2,0.05
3710,3296.8,0.05
3711,3212.9,0.05
3712,3688.05,0.05
3713,3476.7,0.05
3714,3497.0,0.05
3715,3180.25,0.05
3716,3123.0,0.05
3717,3782.45,0.05
3718,3443.05,0.05
3719,3310.15,0.05
3720,4083.55,0.05
3721,3707.95,0.05
3722,3825.8,0.05
3723,3445.8,0.05
3724,2763.55,0.05
3725,3443.8,0.05
3726,3639.95,0.05
3727,3099.55,0.05
3728,3289.9,0.05
3729,3155.45,0.05
3730,3305.6,0.05
3731,3192.15,0.05
3732,3256.3,0.05
3733,3359.2,0.05
3734,3527.65,0.05
3735,3608.6,0.05
3736,3433.05,0.05
3737,3206.4,0.05
3738,2782.0,0.05
3739,2828.65,0.05
3740,3551.9,0.05
3741,2744.0,0.05
3742,2717.5,0.05
3743,3325.35,0.05
3744,2951.15,0.05
3745,3594.5,0.05
3746,3523.4,0.05
3747,3073.1,0.05
3748,3996.05,0.05
3749,3913.25,0.05
3750,3673.9,0.05
3751,3669.5,0.05
3752,2901.1,0.05
3753,3907.65,0.05
3754,3476.6,0.05
3755,3542.0,0.05
3756,3285.7,0.05
3757,3824.3,0.05
3758,3892.3,0.05
3759,3568.55,0.05
3760,3291.45,0.05
3761,3933.8,0.05
3762,3610.85,0.05
3763,3604.7,0.05
3764,3555.15,0.05
3765,3622.55,0.05
3766,4121.3,0.05
3767,3444.0,0.05
3768,3647.8,0.05
3769,3904.95,0.05
3770,3483.1,0.05
3771,3246.65,0.05
3772,3645.95,0.05
3773,3202.1,0.05
3774,3454.1,0.05
3775,3655.15,0.05
3776,3225.35,0.05
3777,3924.2,0.05
3778,3931.45,0.05
3779,3462.4,0.05
3780,3629.2,0.05
3781,3800.65,0.05
3782,3218.45,0.05
3783,3297.95,0.05
3784,3029.55,0.05
3785,3145.0,0.05
3786,3153.9,0.05
3787,3598.85,0.05
3788,2900.25,0.05
3789,3591.4,0.05
3790,3967.5,0.05
3791,3431.25,0.05
3792,3585.0,0.05
3793,3626.9,0.05
3794,2904.9,0.05
3795,3317.65,0.05
3796,2938.05,0.05
3797,3672.15,0.05
3798,3384.45,0.05
3799,3457.05,0.05
3800,3836.15,0.05
3801,3254.95,0.05
3802,3453.75,0.05
3803,3617.3,0.05
3804,3472.05,0.05
3805,3460.7,0.05
3806,4260.5,0.05
3807,3481.75,0.05
3808,3538.2,0.05
3809,3117.6,0.05
3810,3637.55,0.05
3811,3573.05,0.05
3812,3065.95,0.05
3813,3591.9,0.05
3814,3972.1,0.05
3815,3579.25,0.05
3816,3607.05,0.05
3817,3749.85,0.05
3818,3272.35,0.05
3819,3615.15,0.05
3820,2750.6,0.05
3821,3567.75,0.05
3822,3514.45,0.05
3823,4258.55,0.05
3824,3289.95,0.05
3825,4035.95,0.05
3826,3316.35,0.05
3827,3819.4,0.05
3828,2774.6,0.05
3829,3480.05,0.05
3830,2853.4,0.05
3831,3159.4,0.05
3832,3536.85,0.05
3833,2465.8,0.05
3834,3365.4,0.05
3835,3360.75,0.05
3836,3726.3,0.05
3837,3457.95,0.05
3838,3497.45,0.05
3839,3527.05,0.05
3840,3399.35,0.05
3841,3290.7,0.05
3842,3291.25,0.05
3843,3278.05,0.05
3844,3978.65,0.05
3845,3393.95,0.05
3846,3237.65,0.05
3847,2479.45,0.05
3848,3335.4,0.05
3849,2594.35,0.05
3850,2967.3,0.05
3851,3011.0,0.05
3852,2937.1,0.05
3853,3289.5,0.05
3854,2651.9,0.05
3855,3317.3,0.05
3856,2641.45,0.05
3857,2571.95,0.05
3858,2702.7,0.05
3859,2650.55,0.05
3860,2847.45,0.05
3861,2741.5,0.05
3862,1972.2,0.05
3863,2628.35,0.05
3864,3623.85,0.05
3865,2845.35,0.05
3866,2369.4,0.05
3867,1836.3,0.05
3868,3290.55,0.05
3869,2670.6,0.05
3870,1846.35,0.05
3871,2099.25,0.05
3872,2614.6,0.05
3873,2808.15,0.05
3874,2455.45,0.05
3875,2730.2,0.05
3876,2930.75,0.05
3877,3202.95,0.05
3878,2629.9,0.05
3879,2726.25,0.05
3880,2670.45,0.05
3881,2752.8,0.05
3882,2815.05,0.05
3883,3070.05,0.05
3884,2742.2,0.05
3885,2896.95,0.05
3886,2688.25,0.05
3887,2845.85,0.05
3888,2606.3,0.05
3889,2437.5,0.05
3890,2095.4,0.05
3891,2541.7,0.05
3892,3021.1,0.05
3893,3289.4,0.05
3894,2558.85,0.05
3895,2338.35,0.05
3896,3845.45,0.05
3897,2674.3,0.05
3898,3310.45,0.05
3899,2589.55,0.05
3900,2490.25,0.05
3901,3098.85,0.05
3902,3247.55,0.05
3903,3083.3,0.05
3904,2932.45,0.05
3905,3002.75,0.05
3906,2894.6,0.05
3907,4136.15,0.05
3908,2936.6,0.05
3909,3173.55,0.05
3910,3392.0,0.05
3911,3079.75,0.05
3912,2955.55,0.05
3913,3282.85,0.05
3914,2966.85,0.05
3915,3044.45,0.05
3916,2580.8,0.05
3917,3229.4,0.05
3918,2561.65,0.05
3919,2432.7,0.05
3920,2703.45,0.05
3921,2611.05,0.05
3922,3199.7,0.05
3923,2749.05,0.05
3924,3169.05,0.05
3925,2950.95,0.05
3926,2962.6,0.05
3927,2632.75,0.05
3928,2967.6,0.05
3929,2238.25,0.05
3930,2563.15,0.05
3931,3280.95,0.05
3932,2711.0,0.05
3933,2155.6,0.05
3934,2380.6,0.05
3935,2210.5,0.05
3936,2654.55,0.05
3937,2447.25,0.05
3938,2731.7,0.05
3939,2137.65,0.05
3940,3252.0,0.05
3941,2796.4,0.05
3942,3053.25,0.05
3943,2955.4,0.05
3944,3268.35,0.05
3945,2743.4,0.05
3946,2924.5,0.05
3947,2412.3,0.05
3948,1934.05,0.05
3949,2771.75,0.05
3950,3207.7,0.05
3951,2879.6,0.05
3952,3399.25,0.05
3953,3246.1,0.05
3954,3110.9,0.05
3955,2729.25,0.05
3956,3205.95,0.05
3957,2322.45,0.05
3958,2871.65,0.05
3959,3220.1,0.05
3960,3808.05,0.05
3961,3643.95,0.05
3962,2996.6,0.05
3963,2838.1,0.05
3964,3204.5,0.05
3965,2766.55,0.05
3966,2940.95,0.05
3967,2640.6,0.05
3968,2714.0,0.05
3969,3349.8,0.05
3970,2501.35,0.05
3971,2499.9,0.05
3972,2797.7,0.05
3973,3308.7,0.05
3974,2414.2,0.05
3975,3813.8,0.05
3976,2732.8,0.05
3977,3299.8,0.05
3978,2672.1,0.05
3979,3577.75,0.05
3980,2985.35,0.05
3981,3474.5,0.05
3982,2840.95,0.05
3983,3327.95,0.05
3984,3066.8,0.05
3985,2488.0,0.05
3986,2763.85,0.05
3987,2233.0,0.05
3988,2947.05,0.05
3989,2543.5,0.05
3990,3166.1,0.05
3991,2509.6,0.05
3992,2785.2,0.05
3993,1471.9,0.05
3994,2482.6,0.05
3995,2548.45,0.05
3996,2245.1,0.05
3997,2635.05,0.05
3998,3076.65,0.05
3999,3082.15,0.05
4000,3280.55,0.05
4001,2539.15,0.05
4002,2516.9,0.05
4003,2645.15,0.05
4004,1734.8,0.05
4005,1917.5,0.05
4006,2751.45,0.05
4007,3268.15,0.05
4008,3327.55,0.05
4009,3289.55,0.05
4010,3478.3,0.05
4011,2997.5,0.05
4012,3817.75,0.05
4013,3301.65,0.05
4014,3286.15,0.05
4015,2960.1,0.05
4016,2657.2,0.05
4017,3592.2,0.05
4018,2546.65,0.05
4019,3090.35,0.05
4020,3108.25,0.05
4021,3162.35,0.05
4022,2213.9,0.05
4023,2864.0,0.05
4024,3022.85,0.05
4025,3255.25,0.05
4026,3166.15,0.05
4027,3021.1,0.05
4028,3165.55,0.05
4029,3143.25,0.05
4030,3067.1,0.05
4031,2864.95,0.05
4032,3123.85,0.05
4033,2827.2,0.05
4034,3508.95,0.05
4035,3230.65,0.05
4036,2515.95,0.05
4037,2884.75,0.05
4038,2673.65,0.05
4039,3408.75,0.05
4040,3854.4,0.05
4041,4419.4,0.05
4042,3060.9,0.05
4043,3086.8,0.05
4044,2928.25,0.05
4045,2073.6,0.05
4046,3622.75,0.05
4047,3547.1,0.05
4048,3523.65,0.05
4049,3737.6,0.05
4050,3790.55,0.05
4051,4004.0,0.05
4052,3212.75,0.05
4053,3248.1,0.05
4054,3459.45,0.05
4055,3915.65,0.05
4056,3392.85,0.05
4057,2946.65,0.05
4058,3243.4,0.05
4059,3513.25,0.05
4060,3366.4,0.05
4061,3131.85,0.05
4062,2887.75,0.05
4063,3246.45,0.05
4064,3254.2,0.05
4065,3297.05,0.05
4066,2883.15,0.05
4067,3387.35,0.05
4068,3084.8,0.05
4069,2783.4,0.05
4070,2982.6,0.05
4071,2450.75,0.05
4072,3212.6,0.05
4073,3107.5,0.05
4074,2740.95,0.05
4075,2407.25,0.05
4076,3134.9,0.05
4077,2472.3,0.05
4078,3019.25,0.05
4079,2772.45,0.05
4080,2821.95,0.05
4081,3139.55,0.05
4082,3252.45,0.05
4083,3012.1,0.05
4084,3030.25,0.05
4085,2749.45,0.05
4086,2181.65,0.05
4087,2631.65,0.05
4088,3048.0,0.05
4089,3030.45,0.05
4090,2702.8,0.05
4091,3323.0,0.05
4092,3949.45,0.05
4093,3390.7,0.05
4094,3634.55,0.05
4095,3961.2,0.05
4096,3707.35,0.05
4097,3370.25,0.05
4098,2704.45,0.05
4099,3128.9,0.05
4100,3415.7,0.05
4101,3609.65,0.05
4102,3035.6,0.05
4103,3125.8,0.05
4104,3171.4,0.05
4105,3290.75,0.05
4106,3355.75,0.05
4107,2942.35,0.05
4108,3449.75,0.05
4109,3958.9,0.05
4110,3626.9,0.05
4111,3826.5,0.05
4112,3359.7,0.05
4113,4014.8,0.05
4114,4203.6,0.05
4115,4081.9,0.05
4116,3463.15,0.05
4117,3030.3,0.05
4118,3209.05,0.05
4119,3593.75,0.05
4120,3168.95,0.05
4121,3895.2,0.05
4122,3227.6,0.05
4123,2886.5,0.05
4124,3552.05,0.05
4125,3515.75,0.05
4126,2965.6,0.05
4127,3098.7,0.05
4128,3191.85,0.05
4129,2812.75,0.05
4130,3618.85,0.05
4131,2810.35,0.05
4132,3371.25,0.05
4133,3086.95,0.05
4134,2799.05,0.05
4135,2842.6,0.05
4136,3661.15,0.05
4137,2500.5,0.05
4138,2027.25,0.05
4139,1950.95,0.05
4140,2786.75,0.05
4141,2949.7,0.05
4142,2908.6,0.05
4143,3163.75,0.05
4144,2509.0,0.05
4145,2422.25,0.05
4146,3230.55,0.05
4147,2976.8,0.05
4148,3237.7,0.05
4149,3199.05,0.05
4150,2632.45,0.05
4151,3375.95,0.05
4152,2500.6,0.05
4153,2890.95,0.05
4154,2743.5,0.05
4155,3081.55,0.05
4156,3105.7,0.05
4157,2764.75,0.05
4158,1986.95,0.05
4159,2113.1,0.05
4160,3697.75,0.05
4161,3355.3,0.05
4162,2319.65,0.05
4163,2353.7,0.05
4164,3038.25,0.05
4165,2956.65,0.05
4166,3664.6,0.05
4167,3997.7,0.05
4168,3228.15,0.05
4169,3270.85,0.05
4170,2925.15,0.05
4171,3396.85,0.05
4172,2485.85,0.05
4173,3504.3,0.05
4174,3408.7,0.05
4175,2242.05,0.05
4176,3227.8,0.05
4177,3448.2,0.05
4178,3173.25,0.05
4179,3361.6,0.05
4180,3230.4,0.05
4181,3336.1,0.05
4182,2201.5,0.05
4183,3076.3,0.05
4184,2735.7,0.05
4185,3192.3,0.05
4186,2937.65,0.05
4187,3191.45,0.05
4188,4025.3,0.05
4189,4005.2,0.05
4190,2678.75,0.05
4191,2670.2,0.05
4192,2850.65,0.05
4193,2600.65,0.05
4194,2706.25,0.05
4195,2680.35,0.05
4196,2543.4,0.05
4197,2644.5,0.05
4198,3459.25,0.05
4199,2915.05,0.05
4200,2707.9,0.05
4201,2646.7,0.05
4202,3052.65,0.05
4203,3410.9,0.05
4204,2748.25,0.05
4205,2996.85,0.05
4206,4015.75,0.05
4207,2720.25,0.05
4208,3076.95,0.05
4209,2746.05,0.05
4210,1994.85,0.05
4211,3429.15,0.05
4212,2589.45,0.05
4213,2942.95,0.05
4214,2629.35,0.05
4215,2560.1,0.05
4216,1879.35,0.05
4217,1769.25,0.05
4218,2222.6,0.05
4219,1170.4,0.05
4220,3224.9,0.05
4221,2605.7,0.05
4222,3047.5,0.05
4223,2737.6,0.05
4224,2352.1,0.05
4225,2663.85,0.05
4226,3183.65,0.05
4227,2597.25,0.05
4228,2554.55,0.05
4229,2839.05,0.05
4230,3274.35,0.05
4231,2407.85,0.05
4232,2650.2,0.05
4233,3247.15,0.05
4234,3660.1,0.05
4235,2612.35,0.05
4236,3034.75,0.05
4237,3290.4,0.05
4238,3294.9,0.05
4239,3177.4,0.05
4240,3718.55,0.05
4241,3419.65,0.05
4242,2976.15,0.05
4243,3189.95,0.05
4244,3221.25,0.05
4245,3636.9,0.05
4246,3597.4,0.05
4247,2701.1,0.05
4248,3292.3,0.05
4249,3040.2,0.05
4250,3595.9,0.05
4251,2270.6,0.05
4252,3088.45,0.05
4253,2875.8,0.05
4254,2289.7,0.05
4255,2824.45,0.05
4256,2910.75,0.05
4257,3608.65,0.05
4258,2898.8,0.05
4259,3185.6,0.05
4260,2965.6,0.05
4261,3198.3,0.05
4262,2846.55,0.05
4263,3200.3,0.05
4264,2717.05,0.05
4265,2418.3,0.05
4266,2896.35,0.05
4267,3017.9,0.05
4268,3060.25,0.05
4269,2693.15,0.05
4270,2549.55,0.05
4271,2688.7,0.05
4272,2616.15,0.05
4273,2932.6,0.05
4274,2534.45,0.05
4275,3342.6,0.05
4276,2905.85,0.05
4277,2968.5,0.05
4278,2276.05,0.05
4279,2658.05,0.05
4280,2933.5,0.05
4281,3002.3,0.05
4282,3093.4,0.05
4283,3240.5,0.05
4284,2625.6,0.05
4285,3371.0,0.05
4286,2713.7,0.05
4287,3331.2,0.05
4288,2675.2,0.05
4289,2700.9,0.05
4290,3160.65,0.05
4291,2304.15,0.05
4292,2552.6,0.05
4293,3004.3,0.05
4294,3547.4,0.05
4295,3019.35,0.05
4296,3212.6,0.05
4297,2650.1,0.05
4298,3067.9,0.05
4299,2893.1,0.05
4300,2805.15,0.05
4301,3613.25,0.05
4302,3139.05,0.05
4303,3036.45,0.05
4304,2777.15,0.05
4305,2653.6,0.05
4306,2667.65,0.05
4307,2499.65,0.05
4308,2250.2,0.05
4309,2598.55,0.05
4310,2571.9,0.05
4311,2498.3,0.05
4312,1835.05,0.05
4313,2902.05,0.05
4314,2844.25,0.05
4315,2030.5,0.05
4316,3080.3,0.05
4317,3153.7,0.05
4318,2663.6,0.05
4319,2870.8,0.05
4320,2773.2,0.05
4321,2764.35,0.05
4322,2920.75,0.05
4323,2651.65,0.05
4324,2986.3,0.05
4325,2749.0,0.05
4326,2973.0,0.05
4327,1679.3,0.05
4328,2381.75,0.05
4329,2695.3,0.05
4330,2762.25,0.05
4331,2000.25,0.05
4332,1536.25,0.05
4333,2768.4,0.05
4334,2499.4,0.05
4335,2674.8,0.05
4336,2747.1,0.05
4337,2271.75,0.05
4338,2954.65,0.05
4339,2416.3,0.05
4340,2640.0,0.05
4341,2105.45,0.05
4342,1749.8,0.05
4343,1980.2,0.05
4344,2405.4,0.05
4345,2980.65,0.05
4346,2315.25,0.05
4347,3127.7,0.05
4348,2714.6,0.05
4349,2841.0,0.05
4350,3615.6,0.05
4351,2928.05,0.05
4352,3944.35,0.05
4353,3212.25,0.05
4354,3577.45,0.05
4355,3240.0,0.05
4356,3244.0,0.05
4357,2618.75,0.05
4358,3292.85,0.05
4359,2584.75,0.05
4360,2956.45,0.05
4361,3206.65,0.05
4362,3014.75,0.05
4363,2875.55,0.05
4364,2825.85,0.05
4365,2927.65,0.05
4366,3567.6,0.05
4367,3442.2,0.05
4368,2802.85,0.05
4369,2820.35,0.05
4370,3325.35,0.05
4371,2660.15,0.05
4372,3457.4,0.05
4373,3089.45,0.05
4374,3860.05,0.05
4375,3190.7,0.05
4376,3277.9,0.05
4377,2962.85,0.05
4378,2900.25,0.05
4379,3094.85,0.05
4380,3532.75,0.05
4381,3752.3,0.05
4382,3029.95,0.05
4383,3349.25,0.05
4384,3236.25,0.05
4385,3306.95,0.05
4386,3600.55,0.05
4387,3677.0,0.05
4388,2827.5,0.05
4389,3905.65,0.05
4390,3224.05,0.05
4391,3687.9,0.05
4392,3399.25,0.05
4393,3787.1,0.05
4394,2969.75,0.05
4395,3655.1,0.05
4396,3665.85,0.05
4397,3735.1,0.05
4398,3642.55,0.05
4399,3135.35,0.05
4400,3004.45,0.05
4401,3232.75,0.05
4402,2807.25,0.05
4403,3533.9,0.05
4404,3718.8,0.05
4405,3441.95,0.05
4406,3774.3,0.05
4407,3882.3,0.05
4408,3063.8,0.05
4409,3830.0,0.05
4410,3433.25,0.05
4411,3595.6,0.05
4412,3590.9,0.05
4413,3577.45,0.05
4414,3440.35,0.05
4415,3273.8,0.05
4416,3640.5,0.05
4417,3821.45,0.05
4418,3946.25,0.05
4419,3773.75,0.05
4420,3513.5,0.05
4421,3536.95,0.05
4422,2961.8,0.05
4423,3706.6,0.05
4424,3488.75,0.05
4425,3613.2,0.05
4426,3731.75,0.05
4427,3415.9,0.05
4428,2197.35,0.05
4429,3189.25,0.05
4430,3849.75,0.05
4431,3296.7,0.05
4432,3136.35,0.05
4433,3356.25,0.05
4434,3389.95,0.05
4435,3295.4,0.05
4436,2765.1,0.05
4437,3391.45,0.05
4438,3394.2,0.05
4439,3272.8,0.05
4440,3488.75,0.05
4441,3630.25,0.05
4442,3570.1,0.05
4443,3622.45,0.05
4444,3661.85,0.05
4445,3912.75,0.05
4446,3214.0,0.05
4447,3480.6,0.05
4448,3122.8,0.05
4449,3645.75,0.05
4450,3445.8,0.05
4451,3724.1,0.05
4452,3403.2,0.05
4453,3299.35,0.05
4454,3719.25,0.05
4455,3293.05,0.05
4456,2169.05,0.05
4457,2739.5,0.05
4458,3741.8,0.05
4459,3553.9,0.05
4460,2695.4,0.05
4461,3964.0,0.05
4462,2380.35,0.05
4463,3480.5,0.05
4464,3482.9,0.05
4465,3224.4,0.05
4466,3625.95,0.05
4467,3748.0,0.05
4468,3228.0,0.05
4469,3591.1,0.05
4470,3653.9,0.05
4471,3516.65,0.05
4472,3354.65,0.05
4473,3201.15,0.05
4474,3100.5,0.05
4475,4075.7,0.05
4476,3618.8,0.05
4477,3668.5,0.05
4478,3485.25,0.05
4479,3252.85,0.05
4480,3406.4,0.05
4481,3637.35,0.05
4482,3545.65,0.05
4483,3612.95,0.05
4484,3778.2,0.05
4485,3239.6,0.05
4486,2795.45,0.05
4487,3370.5,0.05
4488,3337.5,0.05
4489,3850.45,0.05
4490,3581.8,0.05
4491,3081.8,0.05
4492,3542.9,0.05
4493,3220.8,0.05
4494,3584.25,0.05
4495,3123.2,0.05
4496,3566.9,0.05
4497,3205.15,0.05
4498,3573.75,0.05
4499,3242.2,0.05
4500,3743.8,0.05
4501,3786.85,0.05
4502,2954.85,0.05
4503,3656.5,0.05
4504,3769.65,0.05
4505,2805.0,0.05
4506,3449.65,0.05
4507,3463.65,0.05
4508,3535.5,0.05
4509,3649.15,0.05
4510,3441.5,0.05
4511,3410.55,0.05
4512,3584.9,0.05
4513,3614.0,0.05
4514,3843.95,0.05
4515,3626.5,0.05
4516,3472.45,0.05
4517,2917.95,0.05
4518,3866.3,0.05
4519,3713.95,0.05
4520,3404.8,0.05
4521,3620.65,0.05
4522,2681.95,0.05
4523,3010.05,0.05
4524,2747.1,0.05
4525,2846.75,0.05
4526,2695.15,0.05
4527,3253.6,0.05
4528,2664.4,0.05
4529,3154.25,0.05
4530,2568.05,0.05
4531,2365.15,0.05
4532,2608.3,0.05
4533,2747.9,0.05
4534,2444.45,0.05
4535,2971.6,0.05
4536,2892.6,0.05
4537,3447.75,0.05
4538,3618.3,0.05
4539,2712.1,0.05
4540,3250.4,0.05
4541,3048.65,0.05
4542,2370.45,0.05
4543,3336.2,0.05
4544,3572.2,0.05
4545,3275.9,0.05
4546,3143.85,0.05
4547,3020.25,0.05
4548,2955.3,0.05
4549,2828.6,0.05
4550,2639.3,0.05
4551,2508.1,0.05
4552,2312.35,0.05
4553,2630.8,0.05
4554,4060.4,0.05
4555,2500.35,0.05
4556,3342.3,0.05
4557,3567.75,0.05
4558,3204.3,0.05
4559,3177.45,0.05
4560,3284.2,0.05
4561,3447.25,0.05
4562,3162.7,0.05
4563,3027.55,0.05
4564,4089.8,0.05
4565,3885.6,0.05
4566,3444.3,0.05
4567,3581.35,0.05
4568,2587.9,0.05
4569,3265.75,0.05
4570,2496.9,0.05
4571,3072.65,0.05
4572,3642.55,0.05
4573,3260.45,0.05
4574,3912.55,0.05
4575,3597.45,0.05
4576,3723.85,0.05
4577,3126.9,0.05
4578,2755.65,0.05
4579,3172.6,0.05
4580,3619.5,0.05
4581,3021.75,0.05
4582,2810.1,0.05
4583,3605.7,0.05
4584,3357.7,0.05
4585,3057.2,0.05
4586,3244.15,0.05
4587,3200.25,0.05
4588,3196.85,0.05
4589,2860.85,0.05
4590,3362.05,0.05
4591,3163.4,0.05
4592,3347.25,0.05
4593,3116.45,0.05
4594,3224.8,0.05
4595,2567.75,0.05
4596,2699.1,0.05
4597,3447.85,0.05
4598,3267.75,0.05
4599,3556.75,0.05
4600,3216.4,0.05
4601,3542.6,0.05
4602,3990.4,0.05
4603,3627.95,0.05
4604,3880.3,0.05
4605,2899.35,0.05
4606,3575.1,0.05
4607,3631.75,0.05
4608,3224.3,0.05
4609,3394.75,0.05
4610,2995.45,0.05
4611,3223.25,0.05
4612,3094.0,0.05
4613,3578.9,0.05
4614,3231.7,0.05
4615,3201.5,0.05
4616,2901.0,0.05
4617,3044.1,0.05
4618,3916.25,0.05
4619,3981.9,0.05
4620,3464.9,0.05
4621,3435.8,0.05
4622,3979.55,0.05
4623,3854.55,0.05
4624,4092.8,0.05
4625,3397.35,0.05
4626,3221.3,0.05
4627,3178.35,0.05
4628,2596.25,0.05
4629,2573.1,0.05
4630,3505.65,0.05
4631,3380.95,0.05
4632,3146.65,0.05
4633,3599.7,0.05
4634,3402.15,0.05
4635,3579.55,0.05
4636,3193.75,0.05
4637,3410.95,0.05
4638,3773.75,0.05
4639,3114.3,0.05
4640,2888.4,0.05
4641,3424.3,0.05
4642,3186.15,0.05
4643,3796.95,0.05
4644,3188.55,0.05
4645,3451.05,0.05
4646,3485.75,0.05
4647,3130.75,0.05
4648,3254.2,0.05
4649,3373.75,0.05
4650,3186.45,0.05
4651,2748.55,0.05
4652,3764.75,0.05
4653,3354.7,0.05
4654,2676.75,0.05
4655,3925.5,0.05
4656,3701.7,0.05
4657,3370.85,0.05
4658,3417.25,0.05
4659,3340.45,0.05
4660,2563.15,0.05
4661,3649.3,0.05
4662,3379.85,0.05
4663,4161.6,0.05
4664,3195.1,0.05
4665,2720.35,0.05
4666,2774.65,0.05
4667,3256.25,0.05
4668,3701.55,0.05
4669,3414.5,0.05
4670,3213.65,0.05
4671,2890.3,0.05
4672,3506.85,0.05
4673,3435.3,0.05
4674,3234.7,0.05
4675,3145.3,0.05
4676,3834.9,0.05
4677,3146.1,0.05
4678,3450.4,0.05
4679,3476.55,0.05
4680,2677.95,0.05
4681,3542.45,0.05
4682,2681.15,0.05
4683,3018.55,0.05
4684,4229.9,0.05
4685,3343.25,0.05
4686,2968.25,0.05
4687,2765.3,0.05
4688,2919.2,0.05
4689,3144.15,0.05
4690,2504.65,0.05
4691,3158.4,0.05
4692,3744.65,0.05
4693,4089.55,0.05
4694,3821.6,0.05
4695,2845.7,0.05
4696,3080.75,0.05
4697,3520.15,0.05
4698,2943.95,0.05
4699,3258.65,0.05
4700,3503.3,0.05
4701,3017.85,0.05
4702,2141.55,0.05
4703,2381.0,0.05
4704,1897.65,0.05
4705,1646.25,0.05
4706,2037.95,0.05
4707,2438.65,0.05
4708,2512.35,0.05
4709,3023.0,0.05
4710,1831.8,0.05
4711,2258.8,0.05
4712,2075.05,0.05
4713,2474.65,0.05
4714,1777.4,0.05
4715,2436.75,0.05
4716,2235.05,0.05
4717,2349.65,0.05
4718,2131.3,0.05
4719,2545.6,0.05
4720,2256.6,0.05
4721,3186.35,0.05
4722,2951.9,0.05
4723,3472.75,0.05
4724,2254.8,0.05
4725,2824.7,0.05
4726,2585.25,0.05
4727,1367.1,0.05
4728,2174.7,0.05
4729,2212.7,0.05
4730,3279.6,0.05
4731,3109.85,0.05
4732,3191.75,0.05
4733,2306.85,0.05
4734,3413.45,0.05
4735,3889.65,0.05
4736,3792.25,0.05
4737,3558.95,0.05
4738,3293.2,0.05
4739,3657.25,0.05
4740,3494.45,0.05
4741,3442.3,0.05
4742,3144.9,0.05
4743,3215.3,0.05
4744,2659.9,0.05
4745,3251.45,0.05
4746,2729.95,0.05
4747,2514.95,0.05
4748,3192.7,0.05
4749,3234.85,0.05
4750,3399.7,0.05
4751,2833.7,0.05
4752,2880.85,0.05
4753,2914.35,0.05
4754,3475.45,0.05
4755,3590.5,0.05
4756,2952.25,0.05
4757,2508.7,0.05
4758,2947.4,0.05
4759,3853.85,0.05
4760,3320.0,0.05
4761,3556.35,0.05
4762,2340.95,0.05
4763,2760.8,0.05
4764,2831.95,0.05
4765,2890.4,0.05
4766,3738.15,0.05
4767,2999.1,0.05
4768,3586.9,0.05
4769,3067.35,0.05
4770,3062.45,0.05
4771,4327.1,0.05
4772,3843.65,0.05
4773,3650.85,0.05
4774,3948.0,0.05
4775,4153.55,0.05
4776,2801.8,0.05
4777,3035.85,0.05
4778,3107.6,0.05
4779,3078.9,0.05
4780,2349.75,0.05
4781,2509.45,0.05
4782,2536.05,0.05
4783,2451.75,0.05
4784,2603.6,0.05
4785,3819.8,0.05
4786,4138.25,0.05
4787,3304.7,0.05
4788,3617.5,0.05
4789,3462.0,0.05
4790,2960.2,0.05
4791,3911.65,0.05
4792,3519.7,0.05
4793,3580.75,0.05
4794,4104.6,0.05
4795,3345.1,0.05
4796,4050.25,0.05
4797,3396.0,0.05
4798,3955.95,0.05
4799,3727.6,0.05
4800,3984.95,0.05
4801,4015.75,0.05
4802,4224.7,0.05
4803,3585.75,0.05
4804,3110.75,0.05
4805,3520.55,0.05
4806,3982.9,0.05
4807,3025.15,0.05
4808,3930.95,0.05
4809,3248.55,0.05
4810,3995.15,0.05
4811,3832.55,0.05
4812,3569.35,0.05
4813,3016.1,0.05
4814,3680.35,0.05
4815,3115.3,0.05
4816,3426.9,0.05
4817,3362.3,0.05
4818,3424.95,0.05
4819,3764.55,0.05
4820,3124.8,0.05
4821,3297.05,0.05
4822,3528.6,0.05
4823,2703.05,0.05
4824,3233.25,0.05
4825,4261.55,0.05
4826,3732.15,0.05
4827,3693.75,0.05
4828,3147.55,0.05
4829,3508.95,0.05
4830,3821.4,0.05
4831,4164.55,0.05
4832,3652.85,0.05
4833,4069.75,0.05
4834,3865.15,0.05
4835,3611.1,0.05
4836,3881.2,0.05
4837,3945.4,0.05
4838,3936.65,0.05
4839,3548.55,0.05
4840,3694.8,0.05
4841,3972.3,0.05
4842,3674.0,0.05
4843,4445.15,0.05
4844,3589.15,0.05
4845,3239.35,0.05
4846,3418.2,0.05
4847,4398.85,0.05
4848,3862.8,0.05
4849,4025.45,0.05
4850,3773.85,0.05
4851,3852.85,0.05
4852,3601.15,0.05
4853,4110.05,0.05
4854,3552.1,0.05
4855,3105.8,0.05
4856,3288.15,0.05
4857,3906.1,0.05
4858,3321.45,0.05
4859,3183.85,0.05
4860,3972.5,0.05
4861,3399.95,0.05
4862,3276.7,0.05
4863,3385.55,0.05
4864,3414.5,0.05
4865,3588.35,0.05
4866,3228.3,0.05
4867,3877.1,0.05
4868,3010.2,0.05
4869,3806.1,0.05
4870,3775.85,0.05
4871,3857.35,0.05
4872,2781.35,0.05
4873,3204.75,0.05
4874,3230.0,0.05
4875,3486.1,0.05
4876,4053.35,0.05
4877,3278.75,0.05
4878,3652.5,0.05
4879,3809.15,0.05
4880,3776.05,0.05
4881,3506.65,0.05
4882,3715.1,0.05
4883,3659.65,0.05
4884,4180.85,0.05
4885,4316.95,0.05
4886,3340.5,0.05
4887,3465.2,0.05
4888,4096.65,0.05
4889,3380.15,0.05
4890,4224.95,0.05
4891,4067.1,0.05
4892,3627.1,0.05
4893,3401.9,0.05
4894,3279.75,0.05
4895,3053.05,0.05
4896,3346.0,0.05
4897,3740.05,0.05
4898,2909.85,0.05
4899,3338.25,0.05
4900,3496.9,0.05
4901,3713.85,0.05
4902,3836.2,0.05
4903,3428.0,0.05
4904,4118.95,0.05
4905,3594.4,0.05
4906,3901.65,0.05
4907,3747.35,0.05
4908,2788.2,0.05
4909,3629.4,0.05
4910,3694.35,0.05
4911,3859.95,0.05
4912,3406.35,0.05
4913,4037.55,0.05
4914,3751.5,0.05
4915,4154.0,0.05
4916,3074.5,0.05
4917,4020.25,0.05
4918,4068.5,0.05
4919,3972.0,0.05
4920,3462.0,0.05
4921,4370.75,0.05
4922,3520.95,0.05
4923,3803.6,0.05
4924,3949.1,0.05
4925,2801.95,0.05
4926,3462.75,0.05
4927,4131.5,0.05
4928,3249.75,0.05
4929,3471.3,0.05
4930,3614.8,0.05
4931,3534.6,0.05
4932,3563.75,0.05
4933,3362.35,0.05
4934,3395.55,0.05
4935,3991.35,0.05
4936,3497.05,0.05
4937,3261.35,0.05
4938,3815.6,0.05
4939,3911.5,0.05
4940,3471.25,0.05
4941,3578.75,0.05
4942,4017.35,0.05
4943,3264.25,0.05
4944,3189.45,0.05
4945,3551.8,0.05
4946,3640.5,0.05
4947,3318.05,0.05
4948,3279.05,0.05
4949,2677.65,0.05
4950,3450.2,0.05
4951,3387.0,0.05
4952,2935.4,0.05
4953,3649.75,0.05
4954,2786.35,0.05
4955,3328.2,0.05
4956,3766.75,0.05
4957,2468.05,0.05
4958,3562.35,0.05
4959,2965.3,0.05
4960,3493.45,0.05
4961,3020.45,0.05
4962,2612.2,0.05
4963,3124.85,0.05
4964,2913.9,0.05
4965,2461.45,0.05
4966,2582.25,0.05
4967,3454.95,0.05
4968,3627.85,0.05
4969,3119.4,0.05
4970,3262.35,0.05
4971,2826.95,0.05
4972,3420.9,0.05
4973,3083.0,0.05
4974,2876.9,0.05
4975,3063.0,0.05
4976,2879.2,0.05
4977,1913.15,0.05
4978,2613.1,0.05
4979,2750.15,0.05
4980,1851.0,0.05
4981,3018.4,0.05
4982,2275.95,0.05
4983,1806.0,0.05
4984,2786.1,0.05
4985,2575.6,0.05
4986,3514.0,0.05
4987,3390.35,0.05
4988,3789.65,0.05
4989,3656.2,0.05
4990,3794.45,0.05
4991,3714.5,0.05
4992,3620.25,0.05
4993,4436.25,0.05
4994,3930.75,0.05
4995,4532.65,0.05
4996,3563.05,0.05
4997,3991.2,0.05
4998,3673.05,0.05
4999,3192.9,0.05
5000,3944.6,0.05
